x1,x2,x3,y
-1.211853044,-1.464195034,-0.9666870921,6.459825372
0.09912856474,-2.237107985,-1.789186857,4.102530737
-2.945000005,-3.141503595,-2.718674047,-0.8643971152
-2.475188636,2.218387517,1.236215669,6.989846057
2.928939977,0.7463243765,2.226026167,4.321220265
-2.115981187,-1.193467859,-1.911035383,4.770245161
1.545614951,-0.7126081899,-2.357020608,6.888702334
2.806586454,-0.7447754998,-0.7145182587,3.196731644
-2.767593376,-3.057987013,1.550868019,3.378290838
-1.206637352,-2.019553621,1.33193851,6.055213806
0.3748050309,1.307588926,1.126947791,5.320436176
-0.133733581,1.745571272,-0.3409311569,6.790286707
0.3889390419,1.107100946,3.08367234,4.895417379
-2.546231531,-0.3515647521,2.430549251,-3.196574176
0.08296379315,0.01241827533,-1.248202072,0.1761327672
-1.265878572,-0.9068556171,-2.178398563,1.942526897
1.537228709,0.5999130389,0.3608572494,5.29589997
-0.4394510499,2.993214855,0.5686761085,-0.9146847349
-1.423069979,-0.3840819237,-2.407214589,-3.292443967
1.564413995,1.527863771,-3.086155029,16.77039673
2.484462495,-1.654770954,-2.4459742,10.23596521
-0.3289061767,3.09522367,2.252249841,3.218796516
-0.6390302703,-1.573742715,-2.202050701,5.780294368
1.091506409,0.42806311,-0.1577149354,0.1855492445
-1.013483076,0.8218744047,2.391913677,5.322975987
-1.072111737,0.3031974207,2.227804172,-1.92984854
2.369693041,1.947960167,3.120149143,13.02795486
-2.422810978,2.087458908,-2.055164546,3.66287687
-0.6803780972,-2.583702738,0.9215967443,2.085126803
0.7629671067,0.3408043145,1.936370901,3.421463992
1.100493129,-0.9019045806,1.360822632,6.953599707
-2.398314544,-1.571228151,-3.111807803,-0.04398907547
-2.628503283,0.6473050885,-2.499856256,-0.02628843265
-1.033818459,1.616165811,0.8060024995,8.451760462
0.0598486494,-1.968731381,2.272622543,4.86947702
1.582221719,-2.035963036,1.49191155,7.799721206
-1.090847123,0.1779802609,-0.2914685195,-0.9645455089
2.421209518,0.2356018931,-0.5659657825,4.615851612
0.6274480019,-1.936620848,-3.131110551,12.28877912
-1.605088817,-1.571503197,-2.918096805,-1.632604479
-0.7387796621,-2.121434807,2.794879653,0.6396087534
-2.224976586,2.109741197,-1.052170202,1.758452429
0.9205450633,-2.731904542,0.3480884131,-0.3921566818
-1.764394887,-0.6099041525,-0.7941361973,-1.637665862
3.119939535,-1.006593906,1.219467689,7.396854776
-2.666843188,-0.9359801245,1.443860221,3.893365505
1.09719205,1.567815978,-2.788502093,13.22550032
-2.65271061,-1.052925758,0.4950489711,7.60419199
-0.7337501265,0.8476641602,2.071127106,3.800036448
0.2075579631,2.374486244,-2.497440092,5.334525068
2.939961009,-0.5051023097,2.18473082,3.175592996
-0.4158039817,1.502863779,-2.071086946,4.920332904
2.383607547,-0.3527971268,1.610721339,1.860928709
1.467548478,-1.302666736,0.1371031912,9.478208479
0.2544672318,3.108661495,-1.379000724,2.02748452
-0.4678833696,2.643461113,2.296858245,2.987655972
1.826492903,-2.950226677,2.859295445,4.717535773
-1.61886439,-1.669466886,-2.69214324,0.2141610785
2.934328735,-1.932778025,2.531121515,4.139663778
0.01540149952,1.70173782,-0.3743132929,6.740580677
2.950999375,-1.498347164,-3.097743368,9.250667711
0.9796129892,-1.419879899,0.5462229066,5.958462399
-0.8416358538,2.420462966,1.082042821,1.480528923
-3.094085841,-1.22997807,2.219471904,2.656521115
2.379295901,1.76763952,-2.544082256,9.06472812
0.5593227714,0.2046154675,-2.206079218,2.83941624
0.07518719868,-1.085945829,0.2725378204,8.192506263
-1.165833758,2.083516732,0.9440401891,3.283232078
0.7748122003,-1.848619629,0.8053600816,6.933048473
-2.008901082,-2.612706661,0.6036970052,1.712815785
-0.3093325991,1.621543315,1.011389582,7.571549061
-2.429732132,-1.335329125,-0.5054296782,5.919099474
1.837437758,0.9261659448,1.365751938,4.74174695
-0.6442720087,1.95301471,2.267611623,7.99876513
0.7048919033,1.543345327,3.098323331,15.32347061
-0.7326715186,-1.069948006,2.006551559,4.512684599
2.041585899,0.8841663841,2.660829843,13.79533501
-0.7104103138,-2.583912005,0.4934232343,2.461877143
2.204554281,1.742211059,1.542691547,8.42428766
0.1109043941,0.69689459,-1.396151896,3.708010591
-1.193776534,0.3523232553,3.129924217,-8.107020664
0.211258306,0.04609572547,1.259941689,4.241334545
0.03836099149,0.5737549728,-2.780439905,1.971552606
2.700106051,-3.06103581,1.966145708,-1.595882224
2.306160222,-2.565087578,2.273928618,5.571901862
-1.779426624,-2.970371434,2.235056183,-7.561202931
0.2750426337,1.609188583,0.8387655649,8.480559847
1.229694181,1.623026597,-1.495817712,8.068481837
1.861318772,1.772994669,-0.6298145504,9.22994776
0.4115247959,-0.6265441535,-2.020790306,3.948355113
2.786881225,2.209067303,-2.839418522,6.783826659
2.133191085,-2.615956193,2.914801865,10.2203294
-0.8545743489,3.141558826,-1.903675567,-1.122649816
1.378275499,0.45448866,-0.2897807689,1.784876341
1.744539653,-0.1430589896,3.012836515,13.77832555
0.7447166063,-2.728155189,0.4549443995,2.036593346
-1.24711599,-1.513290844,2.692748488,1.088409558
-2.945354751,-2.688787811,-2.679105097,0.6478228767
-1.472312961,-0.8123274023,-0.01932651889,5.017578763
1.550508007,0.8817786579,-1.444919942,6.437679481
2.822252541,-1.495919933,-0.7572292868,8.407339413
-0.839725679,1.445065837,0.3382838335,3.443094074
-1.588481241,1.845191817,1.650045195,6.609321775
1.517553841,1.663488493,0.6737360229,7.638859307
-3.068879091,-0.7189407633,2.985142682,0.6078804747
-3.02144186,-1.159623542,1.8530338,7.767943143
-2.866409399,1.202783706,0.7840635599,1.839098941
0.005635238294,-3.023584726,1.774080147,0.9850097161
-2.217117397,-0.2562010898,1.530299797,-2.633948627
-2.59129446,-3.128431407,3.069620046,-7.068322229
1.928006286,2.983751644,-2.302526286,2.804709428
2.129967811,-2.456792088,-0.5466095558,4.12562824
1.487620011,1.303870346,-2.166158514,9.179516419
1.286721647,-0.445732509,-1.549119435,1.069440616
2.296812079,-2.367031362,-1.464489757,4.213177512
0.5710215814,-0.660789637,1.05158185,1.626123808
-1.16904418,-0.03778969522,-1.330235487,-0.843654676
-2.085297543,-1.615660662,2.254752889,5.382820683
0.38889865,-3.018833525,1.999441574,-1.305070313
0.6000189813,-0.06954027499,0.1723943116,-1.552015563
-1.368012689,1.98453251,2.929194715,-1.104346756
0.5395068952,-1.619651256,0.09927258117,8.015177441
-2.136499103,-1.139505435,-0.4880419456,6.873800506
0.7340561775,-0.1111214959,1.20704787,0.4446137555
-2.627913695,-1.194084104,1.942558794,4.919925082
1.877132637,2.632907731,-1.901627675,4.697496327
2.479130836,1.859565828,2.190037591,6.955911667
2.466109626,0.4992592688,-2.245648188,4.657186252
-2.574322223,1.986944744,-2.850738555,0.9533423751
0.07053731519,0.5999440316,-3.006715316,2.664019168
1.191876699,1.850440318,-1.310628705,8.011663707
-2.103834437,0.6253514201,-2.249284245,-0.2923501237
1.71549309,1.395623882,-2.789260267,13.51762063
0.1421181412,1.374819456,-2.779615751,7.700446859
-2.616019128,-2.843081571,-1.553623852,0.02449572751
-2.09073599,0.4354831022,1.289283812,-0.1218014006
2.700546344,2.253128334,-2.524689577,6.670668635
3.058720016,1.861267375,2.126187206,6.235126328
-2.901026835,0.0386735837,1.428889344,1.481892445
0.5220187764,-0.86135099,-2.601700847,6.040632725
-3.027710961,-1.854554556,-1.688554108,4.297521984
-0.9855954268,-2.779436644,0.1732799624,2.054641048
1.026372036,-0.714274944,1.995880243,7.933392278
-1.941823355,1.300272936,2.987787411,1.816233366
-0.1004649215,-1.518576547,2.108539908,7.740549352
1.156423108,0.5182561802,0.1678497966,4.340590527
-2.142943622,-3.09081794,-0.2361735197,-0.6259823107
-2.480887803,-2.797718171,1.76103341,1.748297115
0.9038197722,2.966602078,1.194374472,1.789130009
-2.916521979,0.06150734868,1.62651558,-1.396183529
1.185168542,-1.682919497,2.521085544,15.73402006
-0.7710352496,-0.9453709273,0.4268674008,3.755960746
1.613687302,1.561501457,0.6052651095,7.924192233
-0.06877793679,-0.4040244109,2.04782595,-2.71064801
1.872960813,-2.201877339,-1.469490308,4.806249298
-0.4723035172,-0.6813288189,1.913179977,3.130674728
1.327894061,0.5869124554,2.955493137,12.47651546
1.943666842,-1.89577153,-3.112708665,15.79831072
0.9285460634,1.581933896,2.720151745,13.38343943
-2.450325105,2.917580058,1.341733767,2.627433564
-2.217431589,1.203824999,-0.6033274523,5.27837356
1.38211889,0.1159681234,1.371244132,2.74556499
-0.8345777928,-2.947987537,-2.474899661,-3.692277557
1.281888371,0.8768744216,2.261861012,10.47721323
-2.653540215,1.291975949,0.2657632661,5.500541031
0.2161754997,-2.183928229,-0.2433448994,5.926199608
1.946221872,-2.49678595,0.6054645216,7.233418803
-1.451223158,1.112377164,-1.045267719,3.455758874
2.172103703,2.740234983,1.532628561,1.727632256
1.153825264,-0.3541132765,1.070299376,2.895811298
2.050537549,-0.5281271742,0.8921879724,3.693341881
-1.015698324,-1.427521151,-2.231067741,4.625008937
-2.476905896,-3.106975787,2.40697729,2.643148878
0.173803935,2.512422818,-1.657321176,3.1678887
-2.916996407,3.130618398,1.631753283,2.452133343
-2.604001541,2.49053862,-1.288744017,-0.1688892475
0.7502029164,1.63350978,0.8531250239,10.62358424
0.5405911157,-1.171803878,-0.5578905257,6.934794791
-1.165733162,0.1916809645,-2.847698077,-7.01352564
-2.429319204,-0.9055128567,-1.518855033,4.210869616
-0.01145822922,-1.248801338,2.567491639,3.13528169
2.371768617,0.1768004589,2.114354631,0.4117757756
3.113075844,-1.201442404,2.399128954,5.820662235
-1.106458113,-3.111454591,0.08557023032,-3.917419917
2.304100887,-0.9463615432,2.592257819,12.30616369
-2.68636184,2.75335692,-0.6009988112,-1.14918014
-3.038324828,0.8549249528,-1.124536133,4.357089809
-2.661388818,-2.025956419,2.513247272,5.200286772
-0.162850835,1.281096201,-0.6066849169,4.22363255
2.788308202,0.9183634246,1.895822903,4.281853013
2.140185437,-2.52143937,2.578983693,5.575714457
-0.9214978804,2.431865902,-0.2742877165,-0.7755759474
-1.392691345,2.435030104,-3.012266947,-5.91063203
-3.026849886,0.7062246577,-0.8027133792,2.80884493
0.05325426553,-0.642398081,-1.71670107,3.101859576
2.192106181,0.3682904235,-0.3461366889,0.2185368938
0.6240375795,0.3038432939,2.221715548,-2.248666651
-0.9414195184,-2.27357926,-2.00401204,1.834931667
3.095915911,0.4449178679,1.61777119,1.487880168
2.415463262,-0.02699314821,-2.457572869,3.788626013
1.09351013,-2.243801466,-0.5454381895,5.538259623
-2.202155826,-1.495453692,-0.9008389182,6.546326127
-0.4454076929,-1.014891333,-1.560320343,3.954945614
-1.120318968,1.273483957,-0.9578816775,6.361213569
0.6156488339,-0.1093702973,0.03690831102,2.17296211
-0.4022389607,1.631333752,0.2610203075,7.904736757
-2.549544455,0.1918283853,-1.398492076,-1.019455344
2.081018544,-3.086390083,1.268057018,0.3189714188
0.9396453493,-0.5097402975,-1.797769755,2.591118928
2.363663157,-0.511978263,0.3298444942,1.226105167
3.10891101,1.879054125,1.761758397,5.948448341
-0.5953463332,3.025717795,-0.5409520992,0.5943993648
0.5579766467,2.809004451,1.688949824,6.390482148
-2.526137666,2.090834249,-1.152981021,5.597056721
-1.308173303,0.794725694,-0.793922217,1.936267615
-0.9791696813,2.366856466,2.120735457,2.096185594
-1.123558496,-2.143481093,-1.136535189,1.996478277
2.856400024,-2.469546809,1.624218303,0.2954655223
-2.326623364,-0.5375001532,-2.746658139,-2.348078421
2.617298389,2.172259278,2.728880301,9.262996139
-0.255443515,-2.920025955,1.425191459,-2.324572079
2.501684203,-0.8448241974,2.585251197,2.586185277
-1.859262273,-2.962886051,2.63543029,-3.683474849
2.405048864,1.649216988,0.9121468578,12.64646642
0.5831135437,-1.564345114,1.153337538,4.893019235
1.117773909,-2.056022051,-2.528694719,9.868402094
-2.573071746,2.057771057,-0.6766184935,3.882248015
0.7273067074,1.162056132,-1.676202045,5.798991059
0.1103550985,-0.4988637343,2.255853831,-0.2461103271
2.171445571,-1.152139001,2.640156593,13.07385013
3.092815492,-1.762772118,-1.624236854,7.109419686
0.8984547849,-3.010951205,-0.3655288464,0.795492835
-1.996371278,-1.363231364,-0.6837361117,2.982357849
-2.288468628,-1.398491455,-0.9053123042,4.542714309
1.318579074,2.59556338,0.9659355615,1.988138928
-2.989298766,0.9138340075,-1.701775964,4.931200633
2.13247336,1.597339231,2.767959845,14.9220065
2.19073445,0.4905203012,2.964829014,8.076224463
1.202666822,2.256875834,-0.9947511604,5.167814315
-2.183538277,0.1681102994,-2.478914187,-4.018715783
1.849284751,-2.661929648,0.1827239722,3.848552858
1.708872224,3.029689454,-2.691422068,6.390688931
-0.6804083272,-1.327317029,0.5954321635,3.032698786
-1.693230194,0.3749010217,-1.71516451,-1.98876328
-2.032752693,-0.08810858131,-2.563786076,-5.648142465
0.9978100379,-0.2926583712,2.449721342,7.635655998
-0.1778480037,-1.766339248,0.6471507928,7.135629143
-1.821518751,2.767202811,-1.750595411,-0.7517089171
1.062676003,-1.642583238,0.5193618351,4.565074043
-2.2827822,2.157633012,-0.2592451706,6.435853633
-1.30352489,-2.8795886,1.952473815,-2.510882524
1.71600062,1.653699529,3.103121137,15.20122697
-1.536217932,-0.4169366486,1.079648499,1.389099943
0.02912181066,1.073290094,2.719225677,11.12684349
-3.11195716,2.930350289,-2.109701414,-1.075487327
-1.267734157,-0.9564143361,-1.128475431,4.465203942
-1.352867838,1.357267318,3.091620826,-9.589927929
1.666523819,-1.567238483,-1.160070979,6.748397786
0.9703917144,2.388620799,-1.099677577,4.003036981
0.6952230903,1.530071137,0.2601653609,10.01641472
-2.367171649,1.592789335,2.106742509,8.137333693
2.123576732,-0.185603362,1.343660469,0.1179500148
2.281318323,-0.3702139028,-0.7175610778,0.9038263153
0.1089542066,-1.950487204,-0.6678830384,4.834879183
1.463524854,-0.9556778908,0.3733759633,5.281122349
-2.6972967,-1.018303572,2.71778047,2.354949366
2.622375845,2.172236245,-0.4879656541,5.658321812
-1.914853282,-1.552038863,2.354253126,1.611710601
-0.2918304551,0.5688480959,2.367969351,1.268139905
-2.578250373,2.590713034,-1.730730333,0.2009084218
-2.549810341,-1.682418672,2.025293424,5.158448337
1.159963843,2.238598048,-2.207669319,8.51007084
-0.897944894,-2.815199695,0.1306174482,1.413872506
-2.307955793,-0.2159027924,2.358982095,-4.43408574
-1.438488258,-0.1783275734,0.3762662928,2.57115564
0.2162802865,-1.161091345,1.269644265,3.903954918
-0.7451273477,3.072629973,0.08142713917,-1.972218152
2.935866391,0.9809765426,-2.008987477,3.504249592
-2.180975595,-1.723450683,-0.02659440142,6.685851215
-0.8666981278,0.4843347687,3.01574721,-3.420443858
2.265909833,1.925092442,-2.264792361,9.692355741
1.488034485,-2.313557721,1.484210625,4.826712346
-1.83750752,1.64741925,-2.462538891,2.405229375
2.04316501,-2.168963191,-0.1443285231,5.565864903
0.1012063002,-1.190196252,1.744540455,8.060709514
0.584807367,2.378391348,0.4048541694,2.716024065
-2.917539817,-0.3508466289,1.024822817,1.088363143
-1.248285115,2.733306262,-2.716093674,-4.979471035
2.172260645,2.297204199,0.4638557007,6.777295584
1.604264981,-2.218825195,-0.2848076542,6.173790995
-3.042130181,0.7641385897,-2.911016928,2.181223372
-1.854621769,-2.29453608,-0.3326079857,4.066803641
0.5455488942,-2.630426152,-3.032557539,7.131764231
2.391948289,2.640644987,-0.1501272512,2.38445022
2.139879998,3.131969147,0.7864898172,-0.5790807235
-2.764020588,-1.099417565,-0.5200712224,4.964664725
-0.3282946496,-0.9350703476,-1.614611694,4.364896231
-1.481894061,1.47878112,0.0349096297,9.136359824
0.1510830991,-1.713782115,2.073072658,6.027598136
-1.151071614,-2.535817618,-0.7482471149,0.9777932257
1.971240386,2.621265209,-0.9572472328,3.306895639
-1.713342992,0.2186081744,0.5831336399,-3.651835914
0.6715602888,-2.636384405,2.586382199,10.07078859
-0.7983126113,-1.626376766,-0.9653301912,6.552462828
2.895337936,1.134967031,1.341829832,7.392890851
-1.228559735,0.4240654378,2.249525719,-1.273119582
1.965455476,-1.208145714,0.6587005961,8.367819464
-2.735089021,0.02073032309,-1.2795928,-1.363000717
-2.105452934,1.279127118,-2.336350598,3.370330565
-0.7121399591,-0.4616457883,-2.379123586,-0.5563508675
0.304008337,0.5635683212,0.1879735469,5.128550856
0.3481769427,1.526257298,-1.460206251,8.128452975
-2.927463277,-0.2025841039,-2.830715718,-0.5817858779
-1.997164224,-1.612277732,2.394121841,1.168963268
-2.961933339,-0.5822349345,0.810193154,3.402990326
-1.702146723,-0.9458253861,-2.82437832,-3.680605476
0.9623392287,-0.007366720269,1.395324982,1.104466569
2.954093648,0.8904114613,-0.2292628699,3.799095019
-3.054809517,-0.3640064649,-1.738178788,1.024300408
-0.1339829056,-0.8883323724,0.2024736374,4.095671858
1.891914788,-0.4711534462,2.029305544,2.441576474
0.01066388767,-1.563201029,-2.413281158,6.868265142
2.385935904,-1.161930772,0.7317090433,8.077603813
0.1727729151,0.08935849463,-1.591269936,-1.379536481
0.5731769426,0.1842373008,-2.537314603,3.856256971
1.464853116,1.885787715,-1.306042659,9.153742484
-1.027957983,1.810791445,1.685590952,2.55323406
2.66050428,-2.030917562,0.6405437663,4.995483471
0.227496166,-0.4660276814,0.0681274901,2.273209661
-1.989606296,-2.636274464,-0.05911785066,-1.877247768
-2.816492734,2.087611092,-2.467522182,4.27886675
1.775028773,3.019190895,0.4503063785,3.121295588
1.873356322,-1.605731608,1.973265938,9.502792363
2.885816279,-0.8566007626,-1.811302145,5.171398177
1.933758442,0.4961451478,-1.795205564,2.774364861
0.5774910989,3.072404715,-2.724857449,5.140591804
2.543390551,-2.020319566,-1.704215141,5.368602529
2.041184587,-2.280942617,-2.836590095,10.88361158
-0.7420678363,-1.6537362,0.2079200594,5.919889829
-1.703308605,-0.170755359,0.1377815792,-2.203629599
-2.095581632,0.4420808254,2.033124404,3.891458692
-0.5898373534,0.3032814282,1.632675964,-3.446574231
-1.835316163,-2.658552372,-2.829822815,-5.203058067
-0.1078903315,-0.04426375098,-3.055556315,-0.5676067246
1.833825907,2.558846537,2.792445311,7.353237006
-1.01613103,0.457582495,0.3423165356,-0.6001879738
2.263753718,-0.2222237791,-2.261748803,2.991230602
0.591066344,2.393569428,-1.038181357,3.870401792
-2.848274177,-2.909222769,-3.04058242,-2.723709035
-2.41668553,-0.9745398918,-3.062632284,-1.8362543
-2.965055118,0.5186508585,-0.9730417955,2.28762358
0.7777573862,0.05589130589,0.5996889073,3.789523726
0.3735571093,-1.969462746,-2.808487032,9.116039123
-0.7221939465,-2.86503167,3.074452062,-7.648906174
-2.692070622,-1.858780183,1.663569058,1.140461075
3.135810759,1.398175454,-0.4806212415,6.935232342
1.715733735,0.8145247253,-0.1617058336,4.756031999
-0.1712742822,-2.595366651,-0.1831028292,0.2228453229
-0.9956824452,2.993310918,2.7238285,-10.29978253
0.8235139549,1.511806916,2.410389162,8.263792826
0.8075638311,-2.18162202,-0.7042871663,3.73213728
-1.099495541,1.449554604,0.7435164041,6.616993676
2.294382674,-1.969555565,1.96303769,8.4623383
-3.065466183,0.9158748145,-2.838468185,4.377163171
2.044735734,-2.462766843,0.5665731512,1.497561679
-2.646138697,-1.584405538,0.1523925769,6.855555398
0.5177205562,1.846706671,1.073535823,5.5392645
-2.715160542,-3.051842627,1.323682254,-2.913063418
-1.67309894,0.8040904278,-0.1730662399,2.880637481
1.252783603,-1.379154484,-2.582176083,11.46568915
-2.284705755,-0.7924292865,-2.158155325,-0.4968049293
-0.9575956722,-2.499025705,-0.4807870924,3.743291249
-1.459952821,-1.636480888,0.8023708276,5.305625949
-2.584789405,-0.4871336382,-3.060477931,-3.691601218
-2.769971663,1.124060539,-0.2426675343,4.431124206
1.466210351,-2.93012,2.023344508,3.963313306
-1.882907218,-1.674967864,1.553322333,5.787146103
2.714106874,-1.607609615,-1.466301133,6.618262908
-0.612314307,1.23436152,-2.598063778,3.202240471
0.0564874848,1.840117429,2.955966972,8.48332897
-0.5807215376,-3.130374449,2.943250784,-6.417275038
3.017278918,-0.4111594858,-2.37436301,1.689858646
1.605824521,-1.52437682,-0.3091718913,9.875842434
-0.3798710012,-2.683490164,0.4889123643,-1.119411609
-2.17945705,-2.737110774,2.664151742,-4.896664371
3.131934036,-0.6508212494,-1.738179246,3.454561364
-2.580777422,2.158207801,-1.402615204,3.009039552
1.176216051,-2.004286174,-0.4468923555,8.048105177
-3.092568802,-0.089222541,1.551875975,1.998623421
-0.1246972353,1.962507452,3.121984614,6.379968308
0.542747689,2.8211508,0.4220698205,0.2391338973
-0.6955947532,1.375906935,-0.8268782443,6.880321445
-2.903310222,0.8641427102,0.2142554561,2.521272199
1.163229627,1.157417326,0.04036713195,6.517463775
0.610828609,-0.2981395342,-0.03530777764,0.5116975288
3.020508484,-1.776918187,1.327968156,4.848088231
-1.731532407,-0.690927791,-1.040179191,1.410644116
1.028313129,-1.396418315,1.485096078,10.2474347
-0.4484391088,0.07947235855,0.4954381312,-1.398902261
-0.3689040557,0.7072132584,0.1098035633,4.948374961
-0.1103005663,0.1815195252,2.239929717,1.015854859
2.783598631,0.62412172,-2.314526706,3.816280063
2.016228959,1.16357555,-2.323218419,8.845504085
0.1408827029,-1.102275388,0.01185467931,7.71417303
-0.9470919973,2.521872361,-1.233125398,2.900973658
-3.006235053,0.2558223012,-0.5141847112,0.1902112558
1.752441381,-0.2966828398,-2.883584772,8.147499808
-1.654638487,2.006005794,1.62567675,2.133599943
-0.03896861132,-0.9200161662,-0.6318655288,2.855391123
-1.883426697,-0.7159075996,-1.103437383,1.053950394
-0.9111333655,1.480258768,-0.5135283054,6.749272107
-0.1384622566,-0.01838154913,-1.274477503,0.2462291432
2.043763921,2.306211179,-1.220070085,5.337100955
1.881289863,0.08469025201,-2.792328432,7.478144087
-2.668284571,0.2409541666,2.758826396,0.07927358324
-1.195419126,2.271998757,-1.230119428,6.066369114
-0.3232734497,2.984021243,-1.182510261,2.27548286
0.1285587346,1.149085586,1.478501241,6.007064057
1.891541063,2.248504162,1.195576192,10.72604707
2.991284935,-1.26341984,-1.288914653,5.994481254
2.774454579,-0.1871572338,2.617229742,0.8301922817
3.10964812,-1.67316584,0.3300053402,4.306066224
-1.366406319,-1.08725377,-0.7665289703,1.499801965
3.010377245,-0.06057995722,-3.101170756,1.879916645
2.286364355,0.4896070939,2.037884865,7.509490925
0.8342406932,-1.469619056,-1.113643677,6.272599903
2.688835437,-2.625996091,-2.215697708,2.721063146
-0.8848799753,-1.219004179,-0.5549075506,4.300773375
-0.4570234709,1.396859037,1.910566848,7.870922891
0.07830981001,-2.10586229,-3.006276962,6.581775109
2.704982953,-1.67736241,1.967409733,9.279481685
1.654956317,1.526920045,-2.474077987,12.31585688
-0.7952340556,1.997921932,1.749492991,2.980657608
0.8799585526,2.575256824,-0.3496990276,2.769922126
-2.151384716,2.131263576,3.128802431,-8.88894817
-2.498955612,-2.192677566,1.756372449,1.49783863
0.3250143329,-0.448757793,-0.8586225545,1.699541394
-2.005255599,1.532624577,-1.701185186,5.133491996
-3.046347637,2.316584109,-2.534197261,2.762813465
-0.4663154218,-0.7065009265,-1.343456798,2.648547279
0.8430901432,2.526397345,-2.81616371,8.044673228
-0.309232816,-1.449020298,2.078377365,2.330042421
-0.3353562637,-1.509556034,1.37019694,7.845895345
-2.057784142,-0.1583291859,0.3482562224,-2.686705726
-0.7349937471,-1.104524147,-1.093756052,4.754975907
0.4545726115,-1.234927267,-0.7974180605,5.93363117
-1.521374541,-2.894298503,-1.031792158,0.1507943669
0.09096400101,2.221508203,-2.851395663,3.987704533
1.299092869,-0.4556136975,-2.025100691,5.617182656
2.823515782,-2.635014415,-1.605773908,2.48286127
2.370074031,-0.9755771851,1.305874899,4.94445193
0.8899987447,-0.9576021795,-2.744133997,10.86258473
2.485446823,1.469559702,-1.19233498,5.398159264
1.134662771,-2.81841905,-0.529849293,0.9676250537
0.6599342392,1.40697303,-0.7901270476,8.450212239
2.176617877,-0.9091946987,1.172094852,6.957022527
-2.305977114,2.210677463,-2.136056338,2.393371338
2.124052196,-2.020194234,-1.012421943,6.437973063
-1.687905768,-2.905607339,-2.909795146,-8.938440034
0.2085007686,0.1977089715,-2.066533801,0.7749546892
3.076255633,-1.849626883,2.872112336,4.590227844
-1.440692947,-0.8723218265,2.096972355,3.414593163
0.3317539431,-0.7452539496,-0.03280869749,3.365512946
1.276837278,-2.880165472,2.669700005,3.021525382
0.3141689369,3.038775094,-2.739752169,2.719952713
3.023514767,0.3210072461,2.567063193,3.35151073
-2.978981391,-0.6413440594,2.136216925,8.608543209
-0.9842369399,2.736861412,-0.8776045988,1.068592244
-1.704909631,0.05940023202,-2.128384952,-2.954993153
0.9052745941,-2.438399122,1.199519263,3.199763981
-0.3021980832,1.87015153,-1.21508335,6.073792553
-1.589767236,-2.55861495,-1.19955848,1.910640498
-1.148163825,-0.5243702093,2.870388095,-4.409895611
-0.03291380799,-0.0411829191,0.4386357208,2.523149503
0.9916615593,-1.777483491,-2.594753352,11.65011605
-0.859545676,1.646743292,0.8234302507,11.23540763
2.750117276,-0.3802581327,1.703611653,3.285801618
0.4945228922,1.265127479,1.883409932,8.048934718
0.647068173,-0.7803106134,-1.629620504,4.463783397
-2.271459109,-1.979862855,-1.202339048,4.503389405
-1.150473336,-0.2796864678,-1.180608911,1.161064808
-0.6993150389,2.242192054,-0.3250058394,2.127324173
-1.329973603,-1.874836317,0.02206754095,7.183300459
1.713979247,-0.4632891153,-2.570943495,6.494671567
-1.356730097,-1.103054757,1.562507296,2.575913094
-2.078283058,1.290904793,2.710745618,2.994002292
1.48449163,2.334739692,0.6368388788,7.785619245
1.686714149,-2.492912904,-3.064625546,13.00381879
-0.2637445315,1.542639573,-2.189630582,5.406656119
-1.836644032,-0.185819536,2.657875938,-7.952342296
1.530592635,2.532572078,0.09483073415,4.946061786
-2.222299879,-1.765169542,2.548779599,0.761599141
-2.000585094,0.08945193669,-0.1615011242,0.860314755
-2.437548598,-1.731756539,-0.4762772132,7.43246096
2.746698227,1.416057458,-1.7953602,9.453696843
0.28146004,-1.398924222,-0.7196467684,9.308144026
1.368598091,2.666487943,-0.4243405029,3.157758785
0.6424195422,1.396695545,-0.627469107,8.032109106
0.8729201642,-0.6371807591,0.1670017232,2.187162145
2.254889413,0.988923235,2.425242226,6.602201965
-1.579662272,-2.543788195,-0.5163074427,-1.212315026
0.1025655623,-2.8339543,-0.3776432498,3.664824339
-0.2150808449,-3.027077959,1.089095954,-1.681901362
1.371479787,-2.469961891,-1.19679669,3.75145011
-2.716412181,0.1523002526,-1.683052384,-0.3945296652
-1.878445976,1.67839141,-1.18200946,5.869173918
0.8962408847,-0.692109668,-1.320075946,5.155717708
2.942784241,-1.816262914,1.308262723,3.165818705
-2.56263457,-0.5656448144,1.006055075,2.841447716
1.890533606,-2.588754778,-2.621761025,6.825901025
-1.990872377,0.783355475,2.219175596,2.204682409
-1.839164683,2.436314383,1.585567829,2.137295506
0.3898697706,1.554612471,1.415164148,9.844547799
1.035807389,-1.327499721,0.4668399342,6.976503103
0.2065809426,-2.507620464,1.591691225,-0.3103909168
-2.252078515,-2.389778281,-3.082653714,-4.594069333
-0.2856699707,-2.366915757,-0.9500497795,4.001706013
2.427738932,1.894916195,0.9418230915,6.250031225
0.2553573872,-1.731899951,0.155995393,2.670559817
0.8355341744,-2.632118466,-2.187246556,4.609061137
0.162984797,-0.6705062254,0.9042478674,3.961156445
-1.493215252,2.649662834,-1.577116225,-0.3919908072
-0.6450041218,0.1877751082,0.2471999666,0.2845594619
-1.522483201,1.916116948,-2.642563418,0.8850750308
2.32217507,1.232783466,-2.545820326,10.38752962
-2.502270539,1.405910029,0.9357082807,7.433722987
-2.369899478,-2.000411834,-0.2615666068,3.271202581
-0.2664008009,2.481110272,1.839666972,2.245370916
1.824090315,-0.28930786,1.410205654,-0.1953569614
0.9539342242,1.205176527,0.329862936,5.609674504
-0.9586171993,3.118564874,0.6450604594,-0.02655788981
-0.5164604871,-1.437857278,2.032449126,5.649769597
0.1819712788,-2.406034112,-1.661685465,4.065092186
-3.07040332,3.015705711,0.4359787649,1.208780266
-2.692667556,3.031054932,-0.1624076099,0.02006189642
0.1479841862,-2.806316486,2.893658228,2.609363118
2.446897893,0.2911731449,1.311996462,-3.221132933
-2.544712481,0.6768375729,-2.024797679,1.173696811
2.183420316,-3.10241017,-3.03059067,7.399935412
0.7750437013,-0.7060009507,-2.178447459,5.426536299
0.8531542385,2.14987738,0.5994391563,5.120401769
0.3370624077,-1.114243092,-0.2811591901,5.948738776
2.596290584,1.679831568,-1.837366605,7.836229746
1.76430549,-2.222882947,-1.106091912,5.261381568
3.057178014,-1.746134971,0.8997854741,6.459638334
1.34207541,-2.438907224,-2.456785345,7.382768233
1.253724789,2.189512502,2.913235399,10.5834545
-2.852867047,-2.962025499,2.488770829,-2.264634434
0.8310280312,2.730699855,-0.2255873562,3.918604574
-0.3003528161,-2.253263858,-1.093857388,4.580128661
0.61088521,1.976220533,1.838619816,6.913961033
-1.678720297,-1.477701106,0.3251846926,6.564568489
3.099825132,-1.887213496,-0.4145452972,6.210713459
-1.583610203,-0.6036108057,-1.639591653,-0.5338654461
2.622334422,-0.2927560723,-1.684155482,0.4743740453
2.848749961,1.741336495,-0.8113145914,6.924315961
1.461866566,0.9473079919,-3.030941047,14.46482982
-0.6838638667,2.013140357,2.146850244,2.204367711
1.823399415,-2.157265039,-2.069361871,7.778111225
-0.754422665,-1.518028848,-2.588443275,3.313906287
-0.5784286685,-0.5765217506,-1.896889765,0.1940488781
-1.136392187,2.630386237,-3.115551705,-7.764323538
-1.063568136,1.173880798,-0.1013365254,5.890750653
-0.5531444002,2.718872774,-2.795426702,-2.800649115
0.9982264349,-0.8795114,1.924020134,5.246922886
-2.67580804,-0.4826167811,1.362321667,2.377324074
-0.6416584816,1.256113719,0.5104639107,5.883001271
0.8519866331,2.365851165,-0.6480855276,3.892188884
1.038022272,-0.5737673106,0.2313359641,0.3395050854
1.074715641,2.355310776,-0.1027882606,5.471014607
0.1747448932,-0.1091139445,-2.868900396,1.123411335
-2.299048698,1.867465469,1.502768837,2.83986417
2.502562706,1.236985995,0.5957160104,7.548467084
1.10928846,-2.988036768,0.9111042601,-0.5211245518
-2.372031267,2.328987588,-2.080569899,2.559523052
1.946385178,0.49238743,1.070360667,2.852307004
-2.460341958,2.69677741,-1.406191613,0.7909735468
1.062000655,-2.100935266,-2.977859526,13.37131936
1.944535888,-1.808254254,-1.079800774,7.383924213
0.6712829613,0.1525597142,2.968131812,5.831095689
-1.313123864,-1.548509555,3.136137682,-3.761327005
1.588919636,-2.187006196,-0.8628157402,5.750503268
0.9011366057,-2.635624078,1.278647395,1.188776056
-0.6791189409,-1.453603361,-0.9636537042,5.219220556
0.2673812652,-1.345770877,-1.098060876,7.219551562
1.860184864,-2.359432851,-0.6951616266,4.201083852
1.605702795,-2.958001147,2.038779574,3.70916509
-2.780122236,1.050936003,0.9422493496,5.283282477
1.416242577,1.672250785,-0.1287593078,5.740355108
-1.739950314,-0.2387517106,-0.9295632717,-2.556669241
1.293022819,1.633637184,-0.3370392774,8.184264188
2.754649686,-3.063487829,-2.992954056,3.337060224
-3.095521273,2.442119684,0.5184808624,1.254528544
-0.8343754024,-0.5496527542,-1.575976442,0.1140770261
0.3813338113,2.338627753,-2.36475118,5.663175639
1.866072149,-0.1157188203,-1.490158797,0.02703290834
1.603388829,0.421132849,-0.2025113474,1.325559793
0.4522377298,1.133489128,-1.609358811,5.680524271
-2.998613054,-2.515814609,1.413059251,-3.669744918
-0.5607666182,0.8068472903,-2.093443921,0.4942615465
-1.914088164,2.363903021,2.950116735,-10.71943409
1.724764679,-1.519467639,1.536776569,13.61197048
2.559743445,0.3852261917,0.8826119551,-0.710723474
2.97843812,-0.8243466467,1.065562351,6.135374628
-1.112237842,-1.39281854,-0.7081096898,5.157272987
-2.607936509,-1.899501867,2.1093674,6.74211273
2.894812773,0.4381284203,-2.503349811,2.220405904
0.7175222199,-1.557298033,-2.552612887,9.515478099
2.965617446,0.5080690214,2.072552237,0.698496574
-2.633852257,3.014035721,-0.4827325655,-1.642151905
1.390666459,1.011333927,-0.9338355966,7.197583951
-1.451460117,0.278278261,-1.132351514,-0.7518787865
2.989112424,1.534039211,-0.01942967993,9.152030168
-0.5340156411,2.896445386,0.4730910128,-0.6793903077
-0.3397065488,-0.9846943887,2.329201444,2.521317773
1.71355297,-1.747832155,2.088514897,9.670925736
-1.104720049,2.345598449,-0.8669578548,2.918238434
0.3084592178,-0.9846646379,1.239381724,1.518983979
1.203643993,-1.402998019,-2.358196843,9.895934768
-0.3450312543,-1.529431492,1.415485918,8.192068929
0.5782046717,-2.579677669,0.7332313648,2.071331095
-0.6022533716,2.295367862,1.719999808,2.209458429
-0.04694787908,-2.132935593,-1.167238536,6.604936832
-1.949038309,0.7270225722,0.7178772558,4.035007566
-2.449431548,2.826558242,0.9464657528,1.561278395
0.4124728871,-2.94438214,-1.117344695,-0.2916456864
1.313400052,2.585504744,1.686124499,2.456820558
0.441832876,0.02213221036,0.4669203865,-0.9346399742
1.74297553,-0.85844619,1.699368025,3.665177064
-1.958047598,-2.059683064,1.335502738,2.336647504
-2.084822794,-2.622923246,1.165756363,0.05029408514
0.2875512125,2.205288532,-3.090795939,7.374210353
-0.725477005,0.6342233402,-2.140237391,0.09101046505
-1.428760086,2.308053871,0.03735434933,3.582565397
-2.915971747,0.4060657434,-2.165596943,0.1910513289
-0.4458918446,-0.5661554395,-2.168034063,0.5761204216
-2.451459339,0.5047672341,0.7741052816,0.3719285491
-3.094445274,2.575625582,-1.795457197,2.210672347
-3.118207852,2.978301772,0.5465221322,0.8115263352
2.698880369,1.391667488,1.958241201,9.941225771
1.884153869,3.053339165,1.574293867,-1.994653707
0.5175269768,-0.6423303661,-1.523326907,5.581916644
2.434338648,-0.3976764816,1.984439236,10.73893702
-0.6701118871,2.265613008,-2.294904439,0.2848748656
-0.03622661788,1.881561288,-2.430039046,6.476612677
0.7531263199,-0.4028806199,0.6358501145,1.092504865
-0.05107425187,2.789348412,-1.518297192,0.5112388039
2.061589163,0.5290460148,0.8696327611,0.8870158053
-0.4874927416,-0.277320333,1.661537945,-1.60420988
-2.375012041,-0.8148050489,0.4048691198,1.866968681
-1.627844361,0.4101755452,-0.6774672468,-1.599235185
-3.012761627,1.298069661,-0.5686003239,5.929556292
1.585408397,-1.427726544,-1.377785497,9.204921262
0.02008877142,-1.53957386,0.1024627996,5.689556669
-1.198837937,1.970299395,1.018186506,5.884443948
0.2832663111,1.083720751,-1.872599845,7.124911874
-1.531410536,2.525590254,2.756206652,-2.068353554
0.609481928,0.7964163658,2.034301761,4.014673406
-1.202524507,1.101345918,0.5228956103,3.561621798
-2.879143978,-0.06216599737,1.747197829,-1.316554052
2.804642657,2.180094876,1.836774739,6.785641021
-2.755736922,2.620433996,-0.8450811767,-0.1301773749
1.93860357,0.7906522409,2.705031426,8.983985304
-1.05490363,0.04904229269,0.195088441,0.9955012534
-3.13163458,-2.698354733,-1.672350466,1.608385572
0.3985868915,0.4070525727,-2.100475712,1.791472566
1.678619605,-1.950433259,-1.20867313,7.676596767
-2.406508338,1.021691663,-1.742419125,3.272864627
0.4036542395,1.471488214,2.960689773,11.11103899
-2.327437481,-2.502460219,-0.4998832134,1.509477626
-0.05332622675,1.140594318,-1.060738566,5.860399623
-1.751625519,-1.225799198,0.4678717445,8.090056149
-1.643097285,1.107591842,0.3356169971,5.047160235
-0.02374887188,-2.215057167,-0.8851265004,6.35437611
2.295946896,1.902096678,1.012574841,5.585138457
3.063703567,-0.05296946775,2.505172418,2.701860074
-2.493104766,1.393056139,-1.805129857,5.291244785
-1.44516654,0.7803288953,2.368989984,-1.264842165
-2.32462835,-2.614735058,-2.572020011,-1.164087784
1.890353864,-0.5754306971,-2.281249774,5.112317067
-2.450358706,1.370336165,0.5437212292,4.525355234
0.7440352663,-0.6261344414,-1.070519951,2.047697922
1.557206388,-2.948533539,-1.447016622,-0.1681564026
1.392053243,-0.9029252251,-2.581469831,9.333707824
-2.868580989,-0.6260664931,-2.528656824,1.338233248
-2.310026937,1.277051274,1.765635533,1.139757492
3.004716804,0.7931987913,-3.137849377,5.121790108
-1.272807983,-2.397997131,3.010922881,-7.528924575
0.2015877494,1.271273249,-1.325291724,9.043963466
-3.064337506,-2.917539938,2.415073631,-1.240389542
-2.382544034,1.649573684,2.517271877,-0.4000204484
3.128496421,-2.209845022,-1.186252239,3.537831308
-0.1198450103,1.410070084,-0.1809311542,6.634338695
2.571026031,-1.443667169,-2.399130923,9.516592102
1.828675653,-0.8586640143,0.2406222716,0.6390143809
-1.048570244,-0.07841988099,-0.1809323749,0.238150016
0.005159341528,-0.7401652483,1.41034906,2.229375478
1.771789222,-0.9482012447,-0.06690605724,6.215807689
-2.654430913,1.848153684,1.913859311,6.528337541
1.160574139,-1.260383016,-0.7129555325,6.629484332
2.607443078,-1.717594865,-0.3157261959,7.612086499
2.875073244,0.4760900336,-1.070934339,1.049688656
-1.127430562,1.347243376,0.9699113368,6.908371293
-0.4205157886,2.252802924,-2.592725154,2.838185844
-1.42247871,1.623779544,2.907574126,1.405374657
1.454336773,-0.2433095184,-0.6993068714,2.628534188
-1.120232296,2.309975667,1.03012626,2.909649609
2.581459078,0.2511387624,1.828052278,0.5738748429
2.561578065,2.934484429,-1.572177656,0.1615856271
1.615792614,1.327617213,2.995156317,19.88683225
2.786898888,0.2835742283,-3.065309994,3.739769355
2.228864923,2.786724426,2.674927186,6.649396631
-2.014502647,1.836908422,-3.04070634,-1.757403299
2.434039627,2.472034413,-2.759057619,7.831839163
1.661789358,2.652578992,-1.81654668,5.212522578
-1.627566414,3.055408965,-2.137174217,-3.641842346
-0.6951496964,-0.542575722,1.115103376,0.2562963192
0.1471844228,-1.84616946,-1.53439747,6.282836818
1.680941168,2.989110995,0.9145346993,2.682875252
-1.134768862,-1.120042834,-2.036192373,4.351413979
-0.4024758024,-1.446242792,-0.05915769554,4.979112804
-0.1475742467,1.541286017,-0.9316142728,6.806461694
-0.7855480967,-0.4546854175,2.305990479,0.2762200717
-2.350039166,-2.452756743,1.737807172,5.009829687
-0.06745885689,2.410301988,-1.802241476,2.649918806
2.216196562,2.457972259,-1.308509707,3.665376503
1.962194619,-3.089240969,1.843560485,0.3596081947
-2.414877506,0.2030835336,-2.167040102,-2.775342215
-2.337659372,0.2318615865,2.577432333,1.983599144
-3.084689124,-1.110735131,0.09629306582,3.245071348
0.6655904008,1.64759886,0.9688210378,6.869000997
-1.613284228,-2.937692867,2.988696689,-9.116293017
2.16708396,0.5013733635,2.989788568,8.502722447
1.748755397,0.8795827157,0.286353796,5.346240424
-2.901670073,-2.73143034,0.5142263368,1.835115989
2.818987241,2.519172109,1.944763334,6.541029758
-1.70475263,1.905393662,-0.01833597326,7.168630338
-0.7384497296,-2.764467374,-2.747413355,-2.76989327
-1.295990803,-1.957149367,1.34890668,2.095957551
-2.003018574,-2.712325978,3.113179663,-6.552811727
1.200803043,-2.367030363,-1.290226469,4.944581874
-0.3917413862,1.908593857,-2.72640377,3.37022502
-0.8030483493,-0.5228153995,0.2070994335,0.3620264545
2.444896676,2.690044058,-2.665583515,5.429913379
-2.034577442,2.584913645,3.03899652,-13.29569559
1.268958519,-1.14382908,1.669672484,9.619958082
2.829137554,-2.564579252,2.980226663,2.40091281
-2.721095601,1.152395198,-1.517639157,6.683035998
-2.478133151,-1.977479263,1.94569633,1.935473371
2.670827124,0.4585072021,1.181627274,1.974793867
0.4546686827,-2.470396362,-1.193731898,4.022748935
-2.205949501,2.630679489,0.5780201641,0.1125708156
-1.542733421,2.354731836,-2.927310651,-4.956644
-2.204110436,-0.3881492714,-2.398901658,-2.441888743
-2.268205545,1.74664352,-2.100585355,4.709951915
-1.172327077,0.3170036579,2.423747958,-3.345028615
-0.8253348784,-1.235735235,2.995722032,-0.1924792783
2.360787835,-2.475943091,-2.695576583,7.46380139
2.906983904,1.341787573,-1.857501331,7.189052028
-2.014029432,1.60311242,-0.4407285779,7.695835236
-0.3712153246,1.923930722,-0.2583736784,6.397098378
0.1593401665,-0.04311082477,-2.071398207,0.3758028776
-1.344299726,-2.766322267,1.77523629,-2.25592728
-1.507086063,-1.373246802,0.5079928201,5.130000834
0.1794897684,1.439785944,-1.394234554,6.510826543
1.373673543,-0.9702563078,1.151222728,8.5941278
-2.028124844,-1.755989552,0.2462258109,4.793838437
0.6242617649,-3.037732439,1.118140933,1.447659809
-0.3849003309,-1.011999531,1.662804385,3.314912358
2.302363855,2.916476635,-0.6079520087,1.031544382
-1.688093998,-1.40445996,1.327919408,5.681163538
-2.959871794,0.3905501771,-0.65864536,-0.7207565518
0.5674919634,-1.551280323,-2.644004723,9.716454096
0.9284043951,1.824115453,0.001091669314,6.713493735
0.6187745116,2.696454134,3.021490923,7.179169227
-1.740347483,1.26718025,-0.9081097154,3.571842456
0.4112677498,1.941331404,2.66097038,4.410245689
0.9989248297,2.232051251,-0.8342650318,7.119087431
-2.401182422,-1.620128486,-2.703680076,3.329022834
1.856435391,1.505202717,1.82918026,11.50034507
-2.317721459,-3.084666479,-1.6423183,-0.8282608607
-1.641204325,2.47221048,0.06342584577,2.382972169
1.432224984,0.06437103608,1.331339643,3.699312014
0.3403847294,-0.7933182638,-0.238926398,5.053662528
-0.4812015607,0.2328405232,2.138659368,3.964315671
2.034430013,-2.20617459,1.323271745,5.770063518
1.669312006,-1.917964515,-1.29102181,6.563928262
2.467985911,-0.3109648263,-0.09481448822,-1.458654462
-0.6810628409,2.467332657,3.107672656,-3.169849553
-1.298463158,2.912804754,2.591981538,-4.295351734
0.3153489547,1.264684175,-1.190417081,6.874542277
-1.746969136,0.6198670209,2.619999559,-2.636063599
2.16329753,-2.159876875,-2.865042855,12.19102206
0.6463492012,2.969124765,-0.8514379478,1.894616508
3.072034241,-2.477137571,0.7572355011,2.452782879
-1.769840215,-1.959785108,-2.985303328,-2.274493061
-1.037715513,2.323020852,-1.257279872,1.868220654
-2.764691828,-1.380637022,1.541309635,6.248434991
-2.217109086,1.009740967,2.289615489,0.944806959
3.091595118,2.856791274,-2.279534219,1.797236453
2.665130724,0.4538169185,-0.4162179197,1.855835772
0.663635525,-2.77361787,2.127050765,-0.08223601389
0.228663089,-0.2851952071,-0.6097974956,0.2105391478
1.781133806,-1.272350199,1.812689293,7.153152751
-1.250171995,0.1786790403,-2.623321177,-5.093786823
2.752708825,1.415262762,-0.1694171814,8.215122174
-1.840467395,0.4979044835,-1.88915696,-0.7130253667
-1.404842179,-1.727770455,0.6003403187,2.561483185
-0.9914160881,-0.764123438,-0.7447982423,2.308031258
2.645051744,2.225885346,-0.6009686336,6.641497738
-2.551780258,3.113899228,-1.18428771,-0.7972769626
1.477970367,1.381424432,-0.8434499803,6.925434992
1.245085014,1.122304779,-3.058743712,14.88400137
2.450653334,-2.333302228,2.837610837,13.34674309
-2.339438034,0.5569791522,2.081969227,-2.778971795
-1.270036462,-0.8752302639,-2.87448753,-3.43880115
-0.1800763177,0.03872690279,2.117625004,-0.3084948316
-0.2141490557,1.111609377,-2.711270094,3.935301616
-1.242295129,-2.129814995,2.379348708,3.422949078
1.626485248,-1.08502868,2.036033047,8.336520594
-2.551298689,0.2490488163,1.589873095,-2.454813478
-1.589043479,-2.990182099,2.967128162,-6.079916695
-0.02539422081,-1.774709013,-3.141405188,5.991812858
-0.3234456504,0.8231273932,2.422587213,2.006762748
-2.499033611,0.4684688378,0.9279541417,3.984998189
-2.408358194,2.245920147,2.376664913,-1.327500869
-0.6011718471,3.079860554,-1.410206484,-0.1954729121
1.546392956,-1.144876796,0.5034723131,6.937425183
0.4401824482,-1.586905357,-0.7638900648,8.474328784
-2.82285605,-1.000196967,-0.4305682761,5.172275113
2.045761976,-0.6327361037,-1.317353242,3.72738501
3.09916338,-2.041081075,-2.684025295,6.699271009
-0.1943072246,-0.1911717384,1.605229111,1.419449159
-1.428512642,0.5013040998,3.042669425,-7.324812908
2.46606518,0.8155807275,-0.7106431252,4.4982103
-2.308416922,0.09145587818,1.526384944,-0.3418327722
-1.579435657,1.646099286,1.922276555,3.2881616
0.2650540101,1.320925551,1.591384553,4.779737885
-0.1092683794,-0.5825490157,-2.035609903,3.521653364
0.3437869197,0.2556376675,-2.535140458,2.129715677
3.058830875,-1.487801014,2.032544334,5.906362535
1.633050152,2.270968297,-1.181381884,4.758909108
-0.7298106769,-1.812798108,-2.649928424,2.965268098
0.8319083419,1.672530135,0.9219834124,4.91740992
0.8632886405,-0.2252763292,0.4832225102,-0.2015694391
1.552231892,1.466007636,2.683246133,15.26147696
3.047652111,2.877282401,2.011268606,0.4842123033
-1.48675989,1.366487549,-2.687715687,1.036095868
2.316476767,0.4979853467,2.370413202,3.592212989
-2.533576295,2.732567106,-1.457981825,0.9351611562
1.757568483,-1.030676368,-0.4193454237,5.058692939
1.913130995,0.1260916249,1.949490872,2.94116341
-1.809049586,1.813245163,-0.8724472588,9.481705361
-0.434439786,-2.478211301,-1.45337426,2.317574769
-2.188696739,-1.696559886,0.505615549,5.245306657
-0.8811828763,-1.730853138,-2.618791198,2.741898484
-0.7854692325,-2.016595941,-0.2435231534,6.821078896
-2.923171591,-1.760714562,0.0794082707,7.798817441
-1.576641467,0.5166473723,0.5803615485,2.624231728
2.276407588,-0.7466717817,1.405422832,1.9938284
2.84853164,2.780158534,1.210307796,2.72218117
-1.880980025,-1.362641633,0.4827410663,4.811591001
-1.589171028,-0.4023371797,3.122127162,-12.40692239
-1.651125644,-2.357026819,-0.7168759169,2.934126293
-3.004352819,1.544022577,-1.447562623,6.434352002
-1.342387544,1.805614987,0.3549155657,6.515506965
0.5888324346,-2.403041932,0.6410433191,2.899863933
-2.850474037,-2.443504174,-2.20199274,2.402274049
-0.8362711404,-1.704891445,-2.940306246,0.4431608142
-2.846471941,2.011796648,-1.777417557,3.757208888
2.856019729,-1.322042234,1.937463558,1.317681333
2.957265278,1.744395103,0.4202518147,4.208348088
1.983818546,-1.437467513,2.161913511,11.97242131
0.1119930976,-1.310493728,-2.805089824,7.336460489
1.178643326,-0.6941854403,-0.1137414546,1.503347428
0.270201996,-0.2600380262,-1.749246376,1.355091636
-1.907165304,-0.4947125921,-3.075689923,-7.184194051
-2.811016917,2.499418282,-0.5392347477,0.3671210268
2.078784561,2.500928116,-3.044165229,10.68062402
-0.2095380894,-2.299438685,-2.316492974,3.485216361
-1.260866624,0.38141548,2.903908271,-3.331642331
-2.309048086,2.154158074,-0.9938446091,2.911741989
-0.1112097794,0.6967359185,-0.593501815,5.008715006
2.545325693,2.995041497,-2.746564281,3.777851534
-1.897774305,0.2856523243,1.144941414,-2.250072413
-1.7215415,0.2586201493,1.800490767,-0.9784891171
2.811656846,2.519194534,-1.174074709,1.597320038
2.120689496,1.323194202,-2.271088211,10.78252939
-3.007572735,-2.174015539,-0.830851778,5.634118414
-0.3599752541,2.25586974,0.7248250903,4.866133257
-1.760855771,-1.795160078,-2.24812847,3.299664895
-0.7041653743,-0.008043604946,-1.957835212,-1.740202496
3.063600407,-2.333567603,1.825684882,4.96745401
-0.7203341417,-2.656235813,-0.5909249366,2.036403053
-0.7904909627,0.5115376447,-1.641416365,0.3253227892
-0.4764846986,0.6037269544,3.016660644,-6.059284107
-1.413119014,0.6096916481,1.946475937,1.329492135
2.105804839,1.413929524,-2.424081164,9.307265697
-0.2316173574,-0.07826440121,-0.5800064156,-0.148040267
-0.4049309387,-0.8914811651,-1.815962932,2.254410257
2.72341409,2.185784856,-1.17293706,2.921920984
1.172593161,-0.202564608,2.117619427,5.579645319
2.501192736,2.14863212,-2.598698076,8.507515186
-2.808635889,2.206568843,-0.6130394404,3.068106886
0.3602420014,-1.202581311,-1.224428256,5.381634369
1.783781622,0.1427529575,2.469067441,7.551822288
-2.10014038,0.01306031807,-3.009041073,-7.823003257
1.922632418,0.7836534922,-1.485551012,4.499481676
-2.029892039,1.823136853,2.654212252,3.752134812
-2.135682321,0.1941008131,-1.068487335,-0.6646547493
2.924274416,-1.687017496,-1.088339368,8.418199924
2.106808094,-1.334601559,1.351807937,9.489078809
-1.643373368,-0.5267793986,-2.393325451,-3.380691209
-2.385246609,0.07432736469,-0.7622984437,-2.277996828
-1.00943275,-0.0528351617,-0.02825439536,-0.3025324375
-1.056573717,0.8166020115,2.585727204,-5.593509321
1.476373441,-2.838875939,0.2412294659,-1.041914291
-2.04066861,-2.976803322,-1.754752932,-1.467254288
-0.3149749164,-1.162079899,0.5227951202,5.070706185
-1.361258802,-2.672057034,-0.3325914875,-0.2026271222
-3.046826203,0.6642101472,-0.8214868022,3.477601897
-2.101222092,-2.705571072,-0.8466503568,-2.300456729
-1.329589846,-1.866901023,-1.575525224,5.756727252
-1.110742359,-1.362530131,2.783880419,0.1243053959
0.375787034,-1.89786111,-2.684606435,8.87061063
1.927668238,-1.537141079,3.090460801,15.98406105
2.072783762,-1.688677672,-0.2819030264,5.504511241
3.026884627,0.8173242901,0.6998151549,3.781552777
-1.2382646,-2.085937582,-1.097073283,5.395560327
-2.647262192,-0.02812397603,-2.864722549,-3.790221608
0.6220393725,1.126474527,-2.24393609,7.764451407
3.005846258,1.982202672,-0.381236629,6.184433068
-0.4683779998,-2.675155876,-1.49249015,-0.9870977446
-0.451309541,0.1124040592,-2.296296755,-1.755678773
-2.449488516,-0.6035222976,-2.010879774,0.3713287002
-2.274297123,-1.256032966,0.02646532155,6.216119465
-1.128537686,2.329951935,-1.565299739,2.277784947
-0.8262136512,0.02485340116,1.782577278,-0.780299564
0.9999723528,0.1862825962,2.781314978,4.040217458
3.014544847,2.691542368,-0.01528093714,3.211197183
-0.4293816709,1.207892025,2.029632864,2.70523622
-2.548604593,-0.5072765969,1.068166852,1.889425688
2.63218202,-2.721064063,-1.527871167,1.20915174
0.4568667846,-2.248493269,-2.798672579,8.415292115
1.726072015,1.969292475,0.265441045,8.135571052
-2.484230859,1.235667375,1.515910133,8.345561511
-2.387582732,-3.037506934,-2.695042991,-4.800154416
2.08561092,-2.544227391,-2.604510955,6.774305307
-2.476650322,0.6463344677,2.278015077,-4.104908138
-3.107522307,1.718850761,-1.931331498,8.003274917
1.78132794,2.844440961,-1.696705752,2.958195978
-0.5984075487,-1.567218746,-0.1370769822,4.632105729
1.393684528,0.7883170081,1.123388182,5.885421276
-0.611643958,1.64110879,1.463297644,4.987850781
1.177797996,3.11361628,-0.218368778,-0.02794594528
1.911832864,-0.4717427911,0.8801001371,-0.2437181712
-2.196167714,1.558716274,0.2976235353,6.786391432
-3.141438176,0.5731592489,-1.471367302,4.544547075
0.9050349759,-0.005327653537,-0.7022246693,2.105004893
2.829388201,0.3171505459,0.1056494683,-0.842482827
-2.617835489,1.780733787,-2.241055694,5.311461701
-2.393537514,-0.525928028,-1.213409523,-0.2744758441
-0.04042331434,0.8699910869,0.3609215059,3.461106618
0.7359011334,-1.502380061,2.980127882,11.88401937
0.7391514356,2.24179298,-0.4519850325,4.508037991
-0.6054089801,1.127281255,-1.796611701,5.522243239
1.895398964,1.936861278,-2.406986014,9.416947928
-0.07326772309,3.131540632,-0.3358974711,-1.311265146
1.331710397,3.122327941,-2.362393066,4.09782234
-1.80413535,-0.7162195143,-2.5618729,-1.464974654
-2.199968914,-0.5625480768,1.928894459,1.186389199
0.8008337458,0.664078646,0.6442012107,3.062773042
-1.059068264,-3.139272701,-2.231193932,-2.63200286
1.947862854,0.7161903021,-2.773604037,9.507965265
0.3065826426,-2.418246683,0.256129432,1.629488032
-0.7059127584,-2.694537175,1.492033377,2.444191809
2.681592721,-2.038909397,-2.574594241,9.303084554
-0.723865577,1.266920529,2.070378343,7.582397314
0.5290007262,-0.2322597868,1.858223237,-1.082619059
-2.070651516,-2.633120488,2.553975741,-2.791678664
0.8523902119,1.292804474,3.067118039,15.34908685
1.745545211,2.061001201,1.707450795,8.016562463
2.40117642,-2.32002404,-0.3051784585,4.864195778
1.449781695,2.517982995,0.1895578468,6.277448243
-1.897340345,2.180651859,2.577443432,3.845872397
-0.7856255582,1.361906486,-2.990061016,0.5829874012
1.685120231,1.739618624,2.670450537,7.844858423
-1.741702712,-1.816673294,1.602445401,3.153094231
-2.724486599,-1.300253718,0.5140890337,6.579675191
1.238911389,-2.701237973,-1.301486148,4.361541904
1.407654733,2.586985665,1.872721382,1.252022753
2.204343364,-1.169175421,-1.386513551,5.573416454
0.7570632568,-2.839332159,-0.75354426,-0.191946635
0.9734422917,-1.599603227,2.451898094,13.98045728
-0.428101338,-2.578682751,-0.9709980962,1.114690112
-0.416274046,-1.072741123,0.7628202808,1.999006425
1.836963633,-1.908143561,0.9072049792,5.353387494
2.045670828,-1.456178719,1.070714313,6.09338167
-3.072149595,2.194417189,-1.024669253,4.031912893
-1.187578155,-2.344119825,1.799058653,2.919340547
-1.537251286,1.331261291,1.015508659,6.437051231
-2.213908423,0.3407987423,0.2196363076,0.92476434
0.4173586423,-1.394461358,0.8330408448,9.719929611
-2.05747016,1.999650046,-0.04291210595,5.317753951
-1.902543505,-1.886289651,-1.492625572,4.899310366
-2.66791575,0.3650062651,-0.9942799126,-1.581422832
-0.9308848345,0.9293524874,0.09699589852,3.483083011
-1.374258604,2.189858692,-2.881708898,-3.475527108
2.46440473,2.975190932,0.5744408477,3.026752029
2.420619507,-2.828449082,-2.978328459,6.942756346
1.515826368,-0.9912158556,2.815035924,13.27217627
-1.410889178,0.9162945884,-1.072330038,2.785697312
-2.803723061,0.4044701629,2.267759785,0.9127333534
-2.670086906,0.003365555933,-0.7346663207,-2.005598765
-2.067031784,3.077133265,-0.3428393768,0.5638014493
2.857580057,-2.850076013,1.016384488,-0.07946576819
1.769082258,-0.3065575073,-0.6427678128,1.28149385
0.4296084255,3.006148202,2.154940588,-1.472245345
-1.939450839,-1.719699418,-2.371767934,2.744288917
-1.28092192,-2.010990811,1.194440587,6.239999278
-1.754945245,3.021070438,-2.836325755,-7.474516137
0.5683888329,1.338169198,2.998528571,8.007294937
-1.231999226,1.510194962,1.69218531,2.936205728
2.739385112,0.8015820806,0.8127820104,5.279396542
0.8132961013,-3.063979169,2.839470162,7.461116375
2.542808433,1.836873282,0.16405237,8.027541516
-1.222609343,-1.841558048,-1.893163265,4.143648463
2.896477651,-1.352562742,1.458799679,4.586890932
-1.443309487,1.299418016,-2.483064846,1.36264645
1.101484716,-1.856179606,-2.39852153,11.27565304
-2.818299083,-1.287633707,1.995601953,5.875331659
2.174113845,0.3923363442,2.942852264,17.96743239
-2.268454642,-2.355255856,-2.244580209,0.4004190834
-2.128534384,-1.151665638,-0.4788603788,5.633958964
0.8103852288,2.705187563,-0.5422150336,1.182110762
1.747727233,3.128954989,-3.012956334,9.697063444
-0.04652398349,-1.533240676,2.666007076,8.056987243
1.69162978,-0.3738166489,-2.154753736,3.244628867
0.5411225708,1.914401713,1.012755318,9.476302513
-2.221948625,-1.33349974,-1.771233713,5.761702914
-1.61872318,-2.900111847,-0.3347076807,-1.959697552
-2.68583553,-2.775116535,-0.9005224296,-0.7826871773
0.8815839371,2.151979636,2.522787806,7.491492824
3.024626914,1.985131375,-1.984785506,6.416326841
2.996275641,1.453579421,0.7377634381,5.969062976
-2.529518987,-1.880868502,0.7448474664,4.118913353
0.1003500406,2.198189949,-2.573927026,5.178705349
-2.339065116,2.930188846,-2.705927282,-4.484627135
-1.678053258,-2.721445151,2.090612573,0.6978679991
3.086862143,1.453855888,0.9075066107,10.02795803
-1.639995942,2.998387083,2.696133967,-7.314504284
-2.178764262,-1.152119885,-1.423083313,4.705452988
-1.011807738,2.603087231,1.851383686,1.603178489
-0.1210086883,-1.814772354,0.6419390369,3.29639803
1.285213978,-1.237728221,2.107668314,9.232358741
0.5283703699,0.4444407566,-1.37762635,0.6479312282
-1.456578753,-0.3080338547,-1.65644678,-1.36568361
1.563548865,1.290651307,-2.1314802,8.334219811
1.704256452,0.3709767945,-1.243264045,3.086279141
-0.6790531647,1.683429567,-2.947189864,1.661280822
-2.01571487,0.1674662398,-2.55579952,-5.430003041
-2.225053093,-0.5712964971,2.270737239,-3.641891686
0.3200404911,1.001249176,0.3628972167,4.765902927
-0.661527204,-0.856011535,1.55972032,2.228715556
2.640962324,2.300621123,-2.225304872,6.276338824
-0.09855033631,3.098125935,-2.024595359,0.06083115229
0.3688110944,-0.6056230473,0.5251060239,3.822023233
-1.170868095,-2.964183656,0.9536082601,2.025362041
1.052393357,-2.824079264,1.047050755,0.9426372502
-3.119994646,-1.524007497,1.29501686,10.06561751
1.183431016,-1.831603434,0.5230368978,5.306413261
2.14458848,1.984392514,-1.574911113,6.032247042
-2.973651266,2.551796241,2.080006219,2.450421458
-2.101644771,0.8901686605,1.417950228,1.019106131
0.5178261275,1.200339737,0.9157585854,7.420981675
0.7914500227,-1.803584854,-1.436869043,7.211199409
3.005247913,-1.88707864,0.300579772,7.099473024
-3.096247192,2.018504198,-0.289874334,4.671932515
1.413575579,-2.609294504,-2.683314806,8.084014894
3.138711356,-1.915279688,-2.122723848,6.310858923
1.369280252,2.129890125,2.381699293,10.13421651
0.6646923013,-2.552163082,-3.05015676,8.527411268
2.208783528,-2.629176987,0.9916467912,3.461545022
0.2119714199,-0.50829815,-1.89706219,2.505156205
1.501161959,-1.242610712,-2.268465718,9.75171461
0.7172992491,2.97100248,-0.8331971112,1.172298219
-2.937116527,0.03563278355,-0.1976535306,-0.7031500714
0.1752020202,1.320878519,1.467565314,10.09101247
0.2039075242,1.142954025,2.947054789,14.91272554
-2.761469707,-0.005842298074,1.325762283,0.6929177836
-1.511871441,-0.4754413637,1.138601488,-0.1684309031
-2.971683236,1.266283949,2.602297955,7.278860011
2.136291959,2.163567339,-2.023474266,6.810152449
-1.348319567,0.4887133143,0.3669419619,-2.845516488
0.03437436401,1.243483316,-1.534378694,5.080636764
-2.261297151,1.747863146,-0.9147191793,5.506937117
-1.387337852,-2.251600569,-2.310583464,0.3829421855
-1.960132069,-0.5611068381,3.049248095,-5.740704291
-2.814094513,2.366378554,2.731614895,0.1240226716
-0.2433865833,2.017170482,1.009702083,4.976082388
1.208340641,1.800893821,-0.5495770719,9.604925425
2.83491643,-1.504299559,-2.979996985,9.198142904
1.77357067,-1.222434616,-2.156227976,9.581774114
-1.433164656,-2.893973834,2.072927886,-7.467743102
0.002458165757,-0.2993252424,0.7529199001,2.345519711
-0.1418092937,-1.348419395,1.353756374,4.905638171
2.931165707,1.607293336,-1.491751715,9.208175997
-0.2968126746,0.37874758,-1.923422206,0.8379890713
1.620660954,-2.616584923,0.84475321,2.76727674
-2.857021188,-3.08524773,0.9509258878,-4.296270081
2.083501875,1.2022216,0.6203763862,6.808673156
-2.485838674,2.625900018,1.10018763,2.679147501
-2.084462777,-1.842889303,0.5750918029,5.895475262
1.236528386,-2.459278926,-0.2520477397,5.945200746
1.328607484,-1.600191069,1.418595932,1.694823769
2.725464099,0.7806490753,3.075743939,5.890325995
-0.7262528434,1.651346974,0.5909740326,6.764160124
-0.289392204,-0.3264267686,-1.714569699,1.723131717
-3.032591813,-3.011249424,-1.079294769,0.5929584033
-3.069908919,1.870154289,1.138881405,5.259547277
0.9015162542,-0.063541034,2.894449828,5.33936567
-1.823902953,1.885212995,1.251005387,4.722392738
-1.856027731,0.3286147144,1.563094476,1.982775815
-1.186748896,-0.5723262581,0.6589540023,1.276713381
-1.735938257,1.493227733,0.9240255484,4.352678003
1.356661277,1.209460886,0.2391000107,5.208746973
-1.223807219,-0.3759475036,0.4280887569,-0.5578236029
2.147942821,0.4346915914,1.946919236,5.357819968
2.536014251,1.096724804,-2.490392125,8.985965675
-0.3269522363,1.208046852,-0.5265580485,5.574215583
1.528880795,0.1325866834,-2.369254935,5.269045819
1.811523943,2.835140568,0.9266047604,-0.4599077002
3.066764813,-2.039660832,-1.950638545,5.722597546
-3.112195771,2.436114038,2.079522693,2.895781155
-1.368161975,0.4039199553,-1.39759859,2.019289734
-0.0351948049,1.697927975,2.820405575,7.426660532
2.842162787,2.517951504,-1.813377973,4.186892342
-1.711599132,-1.217888932,-2.870146993,-2.225463529
-0.6522148006,-2.034832766,-1.342245763,6.090596054
-0.244793396,1.956001483,0.4991988912,6.305894742
-1.749242563,2.249145805,-2.858654389,-3.734314298
-1.818246143,-2.006684685,-0.5276367339,3.737304546
-2.949892577,1.553695633,-1.537123564,8.074722123
-1.516614622,1.20507802,-2.636768661,0.5759450432
2.991755769,-2.60222776,-1.196688878,1.528115474
1.797080294,-0.427083748,1.624403912,1.668174665
0.115372687,1.183464096,2.1310826,8.940554488
-0.0318652465,2.741109414,-2.994270231,0.7293093019
0.9877877717,-0.8457191798,-3.125053132,12.76583541
-0.5051996067,-2.723254211,1.360511379,-2.522589498
-1.33537091,1.836569802,2.877616032,-2.898866242
0.5668571814,-2.839466861,0.4276646733,-1.698820765
-2.759644483,-1.693571646,0.9536480292,9.008033613
0.860373075,-1.651262098,-0.1571921504,6.176659853
3.057016131,0.6807536428,1.139583864,1.139416872
-1.464016183,2.499346917,-0.3335624967,1.589330825
1.098110106,1.477726498,2.78884875,14.04742819
-0.2120087542,-2.597875259,2.36370324,-1.607107498
1.015800113,-0.875107653,-1.584529422,3.743183464
2.584158076,0.4578069616,1.592523622,0.2201151625
3.019639525,-0.2692374821,0.005816422295,0.4250843784
-0.3008752643,0.7205827957,-2.172311921,1.976752396
0.6161053798,-1.376894972,-2.21113598,10.05653577
-0.1608901397,-1.693988866,1.164613042,8.276723792
-2.658283336,0.03769725207,3.039250546,-4.965978315
3.040780687,3.092165731,-2.400689607,0.1659223109
1.898906021,-0.01584236408,2.304342845,3.580558386
-2.182527877,2.626537024,0.7266887164,2.47739673
0.254678942,3.12301328,2.223425377,-1.628818979
0.6200789874,-0.9431505353,-1.612679963,4.431247077
0.9540006129,2.958763498,-3.130479415,8.136794401
-1.202365882,1.983578049,-2.35101795,3.410247632
2.170717653,2.927114078,-0.5847323908,-0.7224955532
-1.431874874,-1.074305516,2.971386895,-5.124539935
0.3179850389,0.9694568139,2.653374475,7.911446699
1.783617859,2.909244591,-2.819614031,7.167199405
-2.847888461,-1.243896218,2.106300217,6.198200105
-1.012366055,-0.9345883486,2.069133319,0.4743578096
-0.61998991,-1.564956144,2.74231357,-2.230939071
1.526942336,1.767329592,-1.2165223,7.907278243
2.986958489,-1.36338413,1.953068035,11.43474429
-0.3006642385,0.9122104917,2.287197724,0.5223795828
-2.721790461,-0.161376411,-1.710925003,-0.5558936112
-2.316701613,3.035352496,-0.4682009526,1.61217724
1.513404255,2.173940301,1.009803008,5.208010069
-2.842969789,-0.06315011552,1.064441541,-4.153569858
-2.791963922,1.334555986,-2.654817341,4.363655726
1.041847562,1.150912467,-2.332611981,8.340185662
-1.193037295,2.221769098,-2.674144705,-0.1153628925
-0.7531840974,-1.457826803,1.337262761,5.344923047
-0.4708477978,-0.4799007452,0.9487837606,-0.05136444957
-0.0160140104,3.135113896,0.2067584292,2.941802143
1.944030991,2.735010171,2.444840276,5.97577796
1.648966673,2.843875922,2.38886455,1.69595452
1.941330308,2.304482495,-2.855649113,10.50470226
1.466793734,2.215760749,2.283310674,7.550512736
-1.609286814,0.3274945,2.591937686,-8.617534635
-1.531123961,2.891910258,-3.017076716,-8.79124149
0.2658856531,-1.671198461,-1.316097085,7.014869252
-2.247167053,1.53993891,2.757608537,-2.66670444
0.8660316593,-1.786530929,-0.8550189756,8.193090677
-1.351869294,-0.9411623254,-1.19468084,3.746674998
-1.661253699,-2.43452243,2.443904366,-2.887384848
-1.766504168,0.9960084133,2.350332102,4.032152716
-0.3731437492,-0.6586472502,0.2392460278,-1.482454922
0.7706678473,-0.06769242801,-2.422640398,3.932430974
0.448426465,-0.1784580635,-0.2464860231,1.328973068
2.796968915,-1.63621881,-1.639693749,6.922190898
0.9142819016,-2.623454798,-1.242733296,1.984914008
2.86903866,3.118367735,2.542593153,6.798399358
-3.12146939,-2.404258386,2.258977472,4.454669024
-2.768260557,-0.4782165166,1.340576961,2.388495574
1.883461992,2.691526256,-1.68103421,2.909614061
-1.532089346,-2.210346161,0.6796644657,2.72979669
0.2209674824,0.2888722143,0.2815717279,0.7863887365
-1.685302612,-0.8002576828,1.257405824,2.018846424
2.402373759,-0.6234086836,0.06630851072,4.412649072
0.2140516416,-1.872250334,-1.198494623,6.561883439
0.1407083979,-0.4214252849,-2.719505357,2.182737303
-1.96394503,-2.558836916,-2.71281217,-3.49393306
2.295746254,-0.3215372055,1.204111753,2.472162017
-0.9421914753,0.6258877538,0.9546568559,2.236248897
2.216821709,-1.740149054,1.165984893,8.319806321
-2.359158047,1.704807367,0.392231217,4.025391581
0.4647187488,2.367296303,1.136209134,3.51387661
-1.751409344,-1.868149845,0.7883042354,4.947443767
1.804751676,-1.156833118,-1.018615427,7.270082293
-1.564263105,-1.980656539,-1.89869878,3.672531972
-1.590894332,0.4719295186,2.162265688,1.173238783
1.792447197,-2.18170145,1.004098371,5.612812575
1.75649719,-2.743463554,-1.814872899,2.557901659
-1.155717608,-0.2914905601,0.3661532537,1.24900768
2.452510508,-0.1472237251,-2.382110503,2.129345366
1.543161065,0.6533802329,2.21855373,8.098067021
-1.050090667,-2.364954483,1.827184962,2.737925049
0.7196097685,0.2527630608,1.79495215,1.382675284
-2.636135205,-2.200434732,-2.841131471,1.239947135
-0.2584445201,1.969383826,1.527426278,6.286177911
0.5524814128,-2.686891654,1.011282671,4.599605979
-1.200139799,-0.5478290055,1.127883261,1.029265587
2.416600034,2.005067824,-0.7729208312,6.649336322
-1.975991367,1.560802977,2.815140697,6.60226672
-0.4197500947,-0.8380214132,0.02625269261,1.611335436
2.658684871,-0.05316398478,2.012927359,2.944755314
2.078448972,0.6872858294,-2.812308225,9.123438859
2.420054702,1.800014491,0.23468687,6.532234267
1.615400342,-0.659304211,-2.198375349,4.523966364
2.005457941,-3.066869518,-2.294927739,3.589699208
-0.7474864636,2.804459326,-2.866580036,-5.012811164
-2.033745959,-2.59465635,-1.57572576,0.748477822
-1.065916903,-2.42242819,1.045871007,3.105448024
-0.2385240335,-1.087307952,0.1895979785,7.580172473
0.2066141872,1.757297029,-2.528461799,7.596631452
1.520450694,-0.9176406079,0.1471183854,4.696832164
-0.2863741938,3.125053402,-2.073625687,-2.046569826
2.891511008,-1.04148053,-3.016751873,7.837297986
-2.88134568,2.64727737,-0.5948756666,3.142553956
-3.01066753,2.215444609,2.202662592,5.664867383
-1.23729432,-2.6616157,0.1661212817,0.241951532
-3.102779874,0.2343836285,1.238922531,4.092615766
2.474800145,-1.231843078,-0.9543267734,8.755485635
-2.458129149,-1.478750084,-0.5233426239,4.567256717
-2.636497217,-1.080652367,-1.064281588,4.084222294
0.7396698287,-2.196848066,-2.849737721,9.794338315
0.3579594168,-1.23623919,0.1811287072,4.888006491
0.345560878,-2.495102379,-3.061041831,6.036211219
-1.898780728,0.6433816551,-2.995683971,-6.260317289
2.88135027,2.39863356,0.7039013839,4.956019139
-1.515629344,1.186230554,-1.330217449,5.775801262
2.735253022,0.9346943688,2.723494411,6.442099233
1.819043672,1.860071715,1.520893832,4.244741777
0.8577587557,2.780829755,-0.8228822554,2.196513624
1.259398046,1.717236237,-2.180375862,10.39146617
-1.700828642,-2.333560182,1.913630635,-1.202234778
-2.239107134,2.734167427,0.2376254794,1.074573041
2.603945694,2.019674482,2.045265497,5.662358769
0.7964238894,-0.1639608144,-2.985994188,6.425622115
-1.038164441,3.032642358,-0.0751800335,-0.8490008187
1.897658298,-0.5354384711,-2.469317254,5.90211183
0.1268454457,1.599755179,2.142299282,8.724358993
1.141640944,3.107310918,-0.8322888494,0.3525711616
-2.256028083,0.05565116681,-0.2904538677,-1.341182933
-0.2959006986,-0.04630778732,1.386524381,0.008496521883
-2.175523448,-1.60237464,-1.72701935,5.850641757
2.662483644,-2.060033799,-1.441445519,6.596394163
0.1428647677,2.421942583,1.279871464,-0.09864166437
-0.8489983539,1.003835345,0.1401871883,2.794083424
-0.4051149181,2.789581152,2.502737468,-5.323602011
1.374591049,2.503537006,-0.8523617238,4.883364616
-3.053323068,-1.316563657,-2.800021541,5.261450573
1.364276508,-1.342564115,-0.4673982222,6.908689646
-1.456676312,1.161330438,1.11106301,5.80428985
1.083084795,-1.681483277,1.179156173,8.082961982
0.1666521595,-1.442023152,-0.9951775243,6.854776253
-1.797106474,-0.2628803612,2.0292058,2.200879844
-1.459411026,-2.202330644,0.465603881,2.827339328
2.273367279,-1.774280465,-2.142381455,8.320611211
1.379180961,1.958741995,0.8386769829,5.985466069
0.6912802206,2.220335764,-1.460363866,5.945772772
-0.8437743672,1.929958345,-0.3711968013,8.36075068
0.3294367332,-0.5973971908,-1.73597625,3.327244243
-2.884972449,2.17310501,-1.266544529,5.696279926
2.324720586,-2.209737871,-3.059572229,11.65931003
2.03648308,0.9151862053,3.13076179,11.83942259
2.55863627,0.8546507944,-1.794394419,4.217599532
-2.349735575,-1.800684503,2.830363202,2.888758274
1.91594228,0.8853858222,-1.433482684,6.133465437
-0.6819731376,-2.223327483,-0.8707501057,4.050831153
1.989631294,-2.163457597,-0.6518554623,5.279128364
-1.471654246,2.700043354,0.03330298495,-0.585986372
1.234966918,0.3321656015,1.274271633,1.746593218
1.08088375,-1.738313421,2.99442886,8.515466686
-2.059940738,1.239611782,-2.06282694,3.772459227
0.9250128105,-2.20593621,0.2987292053,5.625643886
-1.228092965,-2.189712761,-3.001111304,-3.12714118
-2.762734568,-0.2128906101,2.60283153,-2.060858622
-2.50643581,2.586558597,2.805082121,2.045160051
-1.487451864,-2.235259256,-1.421766204,3.343913175
-3.126805419,-2.651501488,-0.5041220368,2.13093071
-0.8159840221,1.150485893,1.36687518,3.863029014
-2.862440467,1.195035189,2.362457984,1.53355133
1.916492167,-0.3737696472,2.802204844,12.26732621
0.1555637158,1.070780316,2.05038325,2.13973747
-0.5033394759,-3.058204274,-0.2277146579,-3.115893917
-1.481548761,0.7863374449,-0.5037275401,1.91739475
-2.985764242,1.706089492,0.09468514728,9.241894851
0.9233834185,1.459148129,1.891883334,10.58781354
-2.230559398,-0.8228276832,-2.348624093,0.460004133
-2.336904239,-0.1471678964,0.7795919689,-1.374336889
-0.7442726612,0.7138635323,-1.347989665,2.424764578
0.8326181836,-0.4029386796,-2.040432886,4.431724498
-1.73429525,-2.696938679,-1.610501919,-0.9652229319
0.04889553922,3.068342333,3.040243896,-1.858129657
1.673140386,2.805095954,1.382277731,0.9923912273
-2.146623911,-0.7416475022,-0.9412756618,4.200938496
-0.7770362966,3.010001442,-0.5866979562,0.154787422
2.912791576,-0.2572456909,-1.874771212,1.105275055
-0.7372870008,-1.190634237,-1.570536839,4.517092608
0.09672694791,2.646278973,1.287414035,2.672634787
0.7957844743,1.781710733,2.791079421,13.67649881
2.652476462,2.326586458,-1.821374887,2.609011354
-2.534125624,-0.765727269,2.470661031,3.133501817
2.897154547,2.870569486,1.272285403,-0.3080185537
3.074765508,1.481470145,2.741389451,7.968799853
-1.542142022,-2.065769197,0.8374520128,3.920397618
1.710682139,0.8747311655,0.7517022237,6.315818333
1.307257725,-0.987144309,-2.560297458,10.14114028
1.555087264,-2.454968896,-1.336420397,4.581279819
-3.130350232,1.341918778,-0.3719750811,6.781644586
0.4873827554,-0.4710764053,-0.797843536,2.217322685
2.318143395,-0.5692618819,1.719080368,3.294003953
2.898380528,-1.31253978,-2.842310245,8.505881132
-3.036715688,2.329673059,-2.368388266,3.126981536
2.198415117,2.198140103,-2.257688176,7.401542551
1.998098367,1.241662815,-2.40072229,9.813008865
0.4162541634,-0.4880246361,1.64262322,1.977110573
-1.740140315,2.859576385,2.01917452,-1.733042803
2.48217053,0.7431788051,0.5822312231,6.301009611
-2.400112151,-0.7610519329,0.8085746016,1.56350706
0.3585712305,-0.7745907778,0.6285791078,1.640860495
-0.2700977815,-2.04812059,0.6683254618,5.571824371
1.679897544,-2.043199116,0.3492136728,5.716304065
0.9949814585,-0.1263069278,0.5681938722,-1.529877732
-0.9474483268,0.6959780696,2.482143291,-2.209078685
2.892402764,0.5281539895,2.579889927,5.233852072
-1.158611948,0.02229872249,-1.082115979,-1.760862762
1.408960048,2.354330609,-2.596464601,8.780624518
-1.277310183,2.684626927,-0.3277696533,2.148819134
2.434953754,-1.146336359,2.922315103,12.59332838
-1.185923646,1.935473346,-1.768907379,4.739567913
-2.921891207,2.861463942,0.9852236837,1.387953965
-2.230427503,1.752443337,2.897843067,3.510326874
-0.09409247392,2.642685437,1.890389819,1.374095307
-2.702097879,0.2132739568,2.419570013,0.01603007077
0.7218200496,2.836900292,2.438373609,-2.480161241
2.044782945,-1.947344433,-2.694073734,11.97512728
-2.313632647,-1.47666562,1.740562386,0.05067941592
1.726086639,-0.6196841516,0.02323002116,4.94847106
-2.927810862,-3.089945011,-0.5759052957,0.6348733729
0.4270632897,-2.229156616,1.177882895,6.588994102
2.238868849,-2.446832641,-0.09327949952,3.372322601
-2.239343931,-1.772771761,-0.4522752999,4.098474488
-0.9299321096,-1.084589002,1.510406829,3.360334239
-1.62173763,0.3722365349,-1.686189211,0.3324210563
-2.64216458,-1.157788695,-2.523069924,4.000031629
-2.842779208,0.01211763563,-0.5258335754,-1.928385267
2.608459691,-2.977427392,1.261265601,0.2545377785
0.3295830612,-2.292252767,0.3869132454,6.488877611
2.497465027,3.082255601,2.966503773,6.907884343
2.309082461,0.5767081881,-0.1265305412,2.641544099
-0.7376979081,1.888845901,-0.4737600195,7.907294926
2.965565391,1.153027321,-1.755364034,7.138937401
0.8405111553,-0.1186085474,-2.507344313,4.609966507
-2.447614065,-0.5315931165,2.335072072,-1.948645051
1.827164459,1.493155823,-2.570323347,13.01703112
-2.947574003,-0.7752515768,-2.412762372,2.679174191
2.856057816,2.619527422,-2.819045632,4.635581922
-2.719896112,-2.661275476,-1.268282583,0.6841860341
0.3620132999,-1.009585197,-0.3758184632,3.756935103
0.04592290515,0.2653420345,-0.3090464421,2.169834327
2.512335566,1.528227417,2.153657031,11.13915873
-1.498465382,0.4858842429,2.13468498,-3.412931995
2.601135567,-1.967962244,-0.9997298678,6.798767933
-0.6123835543,3.049185376,0.2240756098,-0.6411119687
-2.018307148,-0.1824532288,-0.3085672569,0.08143061352
-0.6944041769,-0.4787584559,1.880591284,3.521918792
-2.837638999,2.795425701,-3.087784548,-2.721537478
2.198322188,1.385452836,-1.035810783,8.973892012
-2.461040722,-0.2169168796,0.5778495622,-0.8930700119
0.5099527333,0.5349158979,-0.3733838143,0.6690386904
1.47436398,-0.847443819,0.393985047,7.11720994
1.431923152,2.078315997,0.9416909775,2.047131581
1.0253598,1.104881699,-0.6056272199,7.779542245
1.414397922,-2.154009823,1.454588527,7.201372107
-1.744599326,0.2847681116,-2.231084769,-3.241841976
0.243402302,1.210240623,-1.409209804,7.640230285
2.709798523,-0.5627572242,2.349050624,2.923158994
2.305396887,-0.1582049663,-1.997823733,2.891126505
-0.9951236434,-2.766057956,1.485525851,-0.6922465504
0.9825410712,-3.01305031,1.737025885,-0.1177690065
0.4992830903,0.1230251441,0.3406048283,3.65016024
-1.881676192,1.762618397,3.048746964,0.3918584899
-2.192996546,-1.41101091,-0.6544886498,7.177098659
-0.1905119654,-1.357317932,-2.443475232,5.72073417
1.393535283,-0.5022965927,-1.942279984,4.087755107
2.102411837,-1.440696306,-1.270398685,8.65185197
-0.5526692482,-2.918961575,-1.14911903,1.310944474
2.568489989,2.315520261,-0.3680276767,2.825354634
-1.69721204,1.754919173,-0.4551844369,4.929937423
2.185840358,0.8183657233,-2.35992864,6.885410804
-2.893487901,-2.001609282,1.538069315,8.467654661
0.7323294391,-2.786999952,2.547445817,3.132463838
-1.850466904,-1.483008902,1.825937814,6.653793058
1.471223927,-0.009675820536,1.719285885,5.472660915
2.051645439,-1.972576641,1.617137066,5.375807945
-2.829766841,0.1865667499,0.2654205834,-2.295680556
1.259901261,-0.3154625211,0.326605741,0.07455869663
1.922467425,-1.760065964,-1.655519637,9.582537773
-3.087909084,2.432813875,1.010340174,0.681134335
1.952054609,-3.005807771,0.7505388739,1.039867784
-1.834891555,-2.482510896,1.579542227,2.305965311
-2.86037955,-1.081953542,-2.462341635,2.589582474
2.861538294,-2.586996371,1.118367396,4.470335792
2.746567906,-2.411423663,-1.351862253,1.974538227
-0.8924962149,-2.584613275,-1.656884903,1.277119046
-0.5683854566,1.092377556,1.703854009,0.533116289
-0.8554449387,0.1690071786,0.5600153956,-2.350812391
1.613604578,0.3999893727,0.2172442105,3.696247907
2.404228894,-2.664899224,0.912840892,-0.03360569307
-0.7469413303,0.4796554977,1.627423503,-2.793942126
-2.416735875,-2.371016519,1.442306046,2.845256182
0.2407401632,-0.6726354091,2.712295981,4.332070538
-1.114655669,1.973860573,0.9030316872,3.620163673
-0.6774107,0.32328599,0.5036230646,-2.424871944
3.134330615,1.447805286,-2.047318953,6.405394695
1.063717665,-1.154129152,1.704894408,11.30484109
-1.313258575,-0.2816969039,1.247245593,-1.861008445
1.678897051,1.943369682,-1.420188503,6.012870721
-1.787776754,-2.857061719,0.0588943157,0.6030797782
-0.7764067233,2.221461934,-2.33196929,1.416028036
0.5879129014,1.417311224,-1.417103711,8.060416159
1.120454118,2.878810725,-1.880323151,3.28940943
0.1012853671,-2.156771566,-2.649664692,5.739071563
0.5459012402,-1.966509323,-0.565281602,8.157076529
-0.189984014,-1.238427201,-1.694562302,5.62189815
-0.9530255985,3.054672141,0.2773158345,2.178586146
2.31480004,2.656075085,1.030145637,5.449968228
-1.282500797,-1.092585726,-1.150322105,4.89563204
-1.287224802,0.9082215334,0.06439580719,2.775470095
-2.832709233,-1.19784235,0.3333388541,2.923317381
-1.173996632,-0.8039698684,-2.825978957,-2.991371731
-0.3685358939,-2.862435524,2.222057321,-2.948265166
1.685400829,-0.7526008799,2.996705658,9.518263663
-2.535919312,2.999890874,0.2397429254,-1.137944137
2.543070363,-2.05808299,0.7081309329,5.999791861
1.116658208,-2.792255181,0.7431453127,2.290518468
-1.727409133,-1.732883639,-1.032647117,6.526425429
1.83185487,-2.144801203,-1.310694875,5.241151809
-1.005932613,2.642863758,2.704127515,0.3684336205
-2.530483363,-0.9188737786,-2.927753048,-0.4739886725
0.9789497809,0.7776845247,-0.352633607,3.491452544
-1.618924957,0.763866547,-2.870076268,-3.683411758
1.779881083,-2.212444161,-1.205576336,5.610975912
0.9401796191,-0.8235832475,0.2643548013,3.634221629
0.4995734995,0.1076247216,-0.622628948,0.7888278172
-1.257749813,-1.086364707,-2.241664383,1.830562929
-2.196768846,-0.2966279783,1.794216721,-1.848116744
1.033409741,2.727637274,2.878131619,4.170568493
1.55402255,1.741197832,0.3390921944,6.705898501
-1.341269962,-0.1047654008,-1.224307992,0.8741354957
1.615315252,-2.384873742,-2.792542601,9.985470757
0.8863215056,-2.383823166,-0.801748282,3.395030492
1.430558908,0.275036607,0.4470817895,3.224439024
-2.524967263,-0.312950533,-2.697426178,-3.09819627
-3.024250936,1.370983052,-1.62417623,5.429658685
-0.1543362101,2.910634328,-1.690595099,1.657238536
-2.94653741,-0.09439195383,0.5552003287,3.727320906
0.8397790792,0.2258458964,-0.4710944246,-0.8513372226
1.910270508,0.7656899113,0.8879374605,3.009477826
-2.89769711,-1.239327376,-2.705766958,3.973444853
-2.40659427,0.8992715021,2.543741396,1.42630361
-1.113409625,-2.45761075,-2.175788841,0.1426965812
-0.7769226052,0.6163006435,2.804013627,-3.541984274
-0.3660901021,2.862665885,0.01908334355,2.267447955
-0.6701883279,2.543075684,-0.1239341832,2.651546036
-1.041455506,-2.051228284,2.516158401,0.06764480103
0.8192332182,-2.496967016,-2.405809008,5.747956818
-1.94796207,-0.4040842491,-2.003099244,-1.122615777
-1.589681088,1.10309893,0.01661227072,4.843927422
-1.301358388,1.262444007,-2.618076821,0.3748052119
2.588143581,2.963231632,0.5530056341,1.462429358
-2.579224165,1.695858532,-1.83092612,5.671075489
0.106537746,0.4889706297,1.132136899,4.434177091
-0.9051667005,2.897675152,-1.416206434,-2.335123231
0.7389749443,-3.050824062,-1.700784175,1.795150342
2.480976638,1.273807553,0.5934993124,4.502902524
-0.2178521555,-3.116954945,0.151631862,-2.779296441
0.8949810952,-1.624695839,0.7662913858,8.297924516
-1.099233503,-1.747721146,0.8478069343,5.618661947
-0.1030865901,0.5865272699,1.700179866,5.885832964
-1.428618594,-0.00856034808,-1.594710864,-1.530056016
0.6468802268,0.6557193414,-1.760983235,4.223541733
-2.913278503,-1.058486195,0.09461683371,4.523168473
0.6511821673,0.9785445706,-2.311707882,7.729868648
0.1650802065,-1.011453831,-0.4133743576,5.578929835
-2.830378325,0.006300175763,-0.6114296898,3.18788121
0.6027016639,1.730989805,2.709055667,12.02627364
-1.754948148,1.004792438,0.1252056602,5.959798074
-0.5385432465,-1.399445272,1.794332205,4.857915798
0.01881389293,0.2429605768,-1.162361998,-0.3474313795
2.101297236,1.758766004,-2.07697273,9.668209529
-3.056212216,1.673361931,2.218129792,9.454600308
2.158651356,3.140880775,1.394397333,1.492343763
-1.869329911,-3.008654351,0.5725034313,1.535108369
-2.385356641,-0.5874270846,-0.1847871443,3.203283175
-1.476796318,0.4328208642,-2.452833754,-3.073713151
-1.394265502,-2.313072363,1.964755978,8.733807758
-1.794368493,-1.505325748,3.065399094,-1.520424807
-1.624077645,-1.987629332,0.2503359504,4.490738541
-2.551379844,1.783344617,0.3469131005,6.658165058
1.529948268,-1.031559673,2.706028304,10.58835585
-0.7617864553,3.095035793,1.653016817,-1.427284149
2.803041174,-2.686770581,2.310625193,2.207519241
1.18556127,-1.97221027,-1.496402148,5.585678469
-3.105798493,-0.0406239683,1.031412727,-0.4741792948
-1.171237199,-1.52457526,-1.271286806,4.77146113
1.198984514,-2.724425365,0.6857545564,0.3382661143
-1.86734967,-2.695698865,0.9600628496,-0.1773596132
-1.378343266,2.568803942,0.6364401236,4.646138158
1.007265627,-0.7233889626,2.57006101,8.473814691
-1.699991384,1.087123228,0.9561116114,5.731784433
2.882593888,-0.5463126804,2.196602437,-2.472929457
0.2331643527,0.4171025943,1.522372717,4.002780525
1.68281618,0.2043266264,0.9951499913,2.684837724
-1.290553217,1.213522849,0.03154165229,4.438616546
2.650968741,1.323439045,-1.386555178,8.113382881
1.05738935,-3.029119258,0.8373014247,-1.159973289
-0.6825897138,0.8661710823,2.371015441,1.130936549
0.1749612503,3.099232033,-2.9347813,1.552425647
2.844780532,-1.489276005,-0.9682085636,5.741511916
1.480871048,-0.7256582331,-0.6326078029,2.984670939
0.6235555329,2.138213852,1.862258982,6.94127403
-2.082559215,0.263287688,-1.557324424,-1.345164773
0.2533928025,-2.272041655,3.111386688,5.312984396
-0.56786769,1.626354158,1.210768948,8.649577476
-1.197393411,-1.963310437,2.020511557,3.990690722
-1.578957391,1.621439949,-3.111530117,-3.108508694
2.398285757,2.336667047,-1.328801881,4.80356475
0.1673618172,2.496466979,-1.598982369,1.968286867
-2.083395213,-1.817612238,1.610067693,6.005228579
1.938149302,-1.583525373,-3.058554956,16.1471266
-3.074744909,1.676798465,2.145382035,6.388136639
-3.108319488,-1.133702687,-0.6606800261,5.129328997
2.962366472,1.677949606,-0.2373743083,8.074395203
2.829959811,-1.322711252,2.642098567,9.313951789
-1.267963806,0.02394324387,-1.683750892,-1.941785685
2.927262085,1.819690819,-2.684285359,8.105438778
-1.543057894,0.02204050581,-1.037181602,-0.537993984
-1.159734535,-2.826620248,-0.8191992805,-0.2388661801
-2.263348095,2.431540721,0.750758078,0.9435595001
-0.4173555244,2.053582382,1.463807632,5.132571146
2.54808461,-2.428860372,-0.9113341153,5.971552619
2.628135204,-2.648603413,-2.717619002,4.55000184
2.876170452,1.38199608,2.015394064,6.886876592
2.306879239,-1.303978644,-1.947325641,7.335647418
-0.5420319057,0.4934875652,-0.9363962454,2.644433116
0.07377812077,-0.234471056,1.103279364,-2.320721885
3.035956157,-0.3559706184,0.8160008855,0.6979335439
1.666728289,1.104259264,-2.809156523,12.58178794
-2.54919026,0.6146158598,-1.83720972,-0.02626582794
1.603533157,0.7931655704,0.4397872423,8.10125318
-2.588615745,-0.7851797822,0.05446761549,1.423392543
1.934650799,-1.901226516,-1.217697848,6.937566775
-2.593617703,-1.939454423,-1.450063236,5.614617484
-2.03675732,0.5244437815,1.537432996,-0.3374883171
0.3106608922,-1.561154419,-1.954457111,8.864825292
-3.014467889,-0.2021758179,-1.194352928,1.765214784
1.608470171,-2.391277452,2.324980151,8.107572514
-3.120807318,0.06766480909,2.878460493,-6.290100109
1.910399529,1.122069234,2.312116024,11.77707522
1.141448042,-0.6017878638,-2.865038402,9.323897344
0.6077192444,2.572468753,-0.3143878441,4.085078148
-0.1831813803,0.5329414916,-1.089078027,5.596851857
-0.9778333921,1.789534384,1.109525036,6.634789073
0.1875853598,-0.05650512372,-0.7656869584,2.375841334
1.460457568,1.901747421,-0.4969765791,7.575309648
0.2011185214,-1.608602809,2.596382679,6.645358237
1.410199961,-1.485523574,-1.270509615,7.940070438
1.594735036,-1.264818896,1.219858991,8.440315767
-1.026862527,-2.870444686,0.2141826965,-0.362042218
1.104787008,0.1880274843,2.603859873,3.811765941
-3.046769228,0.940155821,-2.126663352,3.888008401
3.135876029,2.731685046,-1.320971238,0.9347788244
-0.9562090316,-1.472943921,1.654031118,6.532782791
3.014698045,-1.047902417,0.5700693065,3.494251128
-0.1942666208,-2.024347936,-0.7114050287,6.457934285
1.791267002,-1.927278343,-1.71137726,8.599324365
1.101008594,2.151339776,-2.20258651,8.224825023
1.567720926,2.185388138,-1.232952976,5.799812423
-0.8951296113,-1.373997273,1.663468294,1.269310658
2.536837012,0.9247623714,-2.941392654,9.339453396
2.076033796,2.243153964,0.4603397587,2.171929676
-2.985464528,1.429942435,1.806720791,5.250155051
-0.04248770449,1.862780927,-1.758994747,7.709518577
-1.505417123,2.565702743,1.744201548,1.181013155
-1.325272336,2.830554318,-0.004055145316,-0.2998997832
-2.085244443,-2.73227395,-2.318140842,-2.554432336
-0.7231349789,0.6927678,1.376829866,4.436948461
-1.105336629,1.954461321,2.811187042,-0.4046078194
-1.379841868,-1.248779683,0.7916219519,0.9714138629
-0.3380632387,-2.231627847,-1.200530465,5.445052295
1.31407606,-0.7145425189,3.092810765,11.45373247
1.730798507,0.7175538828,1.928127284,5.677352004
-2.3460129,2.158455734,1.637536981,0.05293406033
2.46244213,-2.624632355,-1.984107272,4.181025483
1.461095877,1.949862933,0.1834584432,11.61807407
-2.828970804,0.2321165954,1.053578586,-1.004957572
0.3893072396,0.7702281826,1.84725218,2.967576183
2.17546526,2.533135242,-0.5718857268,3.088334957
-0.201639638,-3.10633803,-2.026456821,-0.2510772603
-2.239066459,-1.176208442,-1.339980285,5.024788747
-0.189063196,2.462934539,-1.138362488,2.875648326
-2.17705267,2.885941477,-2.224876753,-1.660930876
2.996581873,-1.58349191,-2.547858483,6.829688115
0.5345433531,0.7484912361,0.2814636309,3.884475222
0.2780845184,0.2389211245,-1.468312339,1.06097386
-1.49124891,0.1335255506,1.48812171,-4.439604238
0.8636775571,-0.692582455,-1.130919119,5.033987672
1.867495185,1.996272412,-1.852148888,6.96672481
1.50107596,2.974131046,-1.893002032,2.572361464
-1.036857113,-2.501392529,-2.419995479,-1.488454642
-2.709882996,-0.4693378028,2.183225322,2.361768665
-0.7943621793,2.512478793,-1.287107356,0.8791855796
2.106663566,-2.710026086,3.025744472,0.7849151202
0.4639824822,1.647950925,2.683215024,8.917922623
-2.092316374,-1.100062778,-2.125971874,1.490242068
1.142934229,0.3307661164,0.6430184168,2.238706691
3.031845143,-2.037843808,-1.569944387,6.485011081
1.943448059,-2.460283979,0.08734349357,3.97145111
0.9554711021,-2.417961222,-2.99285887,10.36903096
-3.127877196,-0.7611143922,-0.3587403216,1.951883268
-3.115105481,-0.1418707557,0.8831763894,2.441630064
2.087367061,-2.738082266,-0.1740437325,0.1780030818
-0.02044810859,0.5960299416,-2.260061919,2.672039178
-2.728128367,1.023242486,-0.6388029653,5.20695288
-0.7942816911,2.702581423,-2.162773756,-1.874305693
2.877664933,-1.821956134,2.292465336,5.256642301
2.333671461,-1.493539529,-1.718478063,7.614713461
1.887141398,1.157128915,2.25349354,11.3439167
0.1993120855,-0.502215351,2.503302825,-2.161642117
-2.500889963,-2.129160744,1.05589856,2.31855806
-0.1462423535,-0.02219506424,-0.9405755345,-1.618627093
0.5075979106,-0.6691571435,-1.230982031,3.19708991
0.5601565715,2.136551352,0.4316640152,6.443310907
-1.546419168,1.429988592,-0.03203817466,6.045041598
-2.986775894,-2.656145099,1.308562299,0.1457924584
0.6836724117,-2.215247449,0.08229564732,4.761994791
2.070691313,-0.1064953633,0.572974946,4.429121988
0.9632306726,1.837430953,-1.62354984,7.500466287
-2.710005822,-2.826857626,-2.145732622,-0.04060123297
-0.08748863284,-1.690351249,-2.398045728,6.448218618
-1.637246818,2.492747792,0.6364506301,2.965666893
2.341633048,1.126447959,3.120996629,9.118534284
-0.06348213373,-0.3854750562,0.0957727943,1.987228441
1.968533045,1.987252818,-1.901410159,6.796954075
2.02832759,-2.299602451,2.611380218,6.962030992
-0.1558163548,-1.589172578,1.451570568,6.836773601
1.854614912,3.042241709,-1.264086621,0.3977414991
2.335789671,2.089936111,1.182176457,5.078800783
1.08613261,2.174886457,0.1855158771,1.837296601
-3.110967879,2.426208415,1.738270266,0.4378951813
-1.089826775,-0.5072151883,-2.45525404,-2.415885298
-0.2147894854,-2.662699131,0.3824584742,0.3055947719
-1.877010018,0.9446646994,-0.9713093673,4.118768076
-2.506907531,1.572518567,-0.9703121942,6.377339961
0.4847956584,0.07269838579,0.396885612,-1.34806288
0.2146621897,-1.049673586,2.751484694,5.333760393
-1.621243163,1.977256239,2.295442726,4.321661281
0.1194713186,-1.96257533,2.356009576,10.00224437
0.5571437822,-0.9580790706,1.381956264,5.07401411
-1.166849936,-1.507891767,1.902393112,4.189410416
-0.6132935836,1.148997714,2.446800823,7.356701193
2.386016396,0.1030691631,1.553546396,-0.66887925
-2.874546483,0.06052316019,1.126740035,1.456261584
0.5830827569,0.9788277175,-2.020813696,5.844001792
2.165527172,2.501935402,3.019556545,4.997962018
-2.834713106,2.945513205,2.372726036,-1.962419351
0.9699533185,1.324292782,-2.145486318,8.838351265
3.074192279,1.314147818,1.26207444,5.057724674
0.2619042433,-1.453403068,1.495696904,8.541727396
-0.3163576648,2.600531519,-2.430901812,0.6709565592
-0.6331236668,0.6078459026,2.848892584,-2.293636136
-0.9498053234,1.438460489,2.393182907,4.087643289
-1.450998183,-0.1847356702,-1.292840491,-2.535117862
-2.765881969,1.846349478,1.668179275,8.185316684
0.529545318,0.4367803988,1.835371399,4.706986447
0.3829635431,1.585347985,1.147713793,8.034965124
0.4064240883,0.2120090511,-0.8830853007,0.461565277
0.8206424304,-1.588708758,-2.376115774,9.926940282
1.382418364,-2.599162807,-2.162213008,4.405915688
-1.067585568,1.035121372,2.854424713,-1.684785415
2.830311531,2.343518109,2.931578757,0.4037892191
-1.863671379,1.761556967,3.048452753,-3.667793501
-1.135288225,0.2410974249,-2.22763297,-2.744294515
0.3878835449,3.119056733,0.9486444995,-0.01488321183
-0.1780064074,-1.628255402,1.691523516,6.667971484
0.3068704242,-2.406058135,-1.762490141,3.043730894
-3.038469682,0.3392240856,-0.5214858379,-1.66516689
2.366924699,1.988374299,1.722766166,11.75660835
-0.9281623109,-1.331942052,1.326641541,4.111171428
-0.1363552771,1.228319611,2.017966649,2.056891791
-0.8486168214,-1.067304501,0.1325760901,5.166215761
-2.658927776,1.001202239,1.080402631,7.383440554
-0.09515920266,-1.466598983,-0.08856242024,4.358319867
-0.642263737,2.877274687,0.1585457017,-1.110142438
-1.071325478,-0.2779433354,-1.729597898,-1.880167652
-1.222814708,-0.4917302492,-2.197584068,-2.354842066
0.1810639421,-1.547073045,2.686539337,8.942348235
2.448140024,-0.1759615754,0.8980954874,2.653412975
-2.118705159,-1.131207137,0.6508635648,5.380789404
-2.633238703,-0.8021253775,-1.243640694,1.733946175
-0.3921253294,-0.1353515311,0.02340455004,1.845449023
0.776199146,-1.551237177,-2.603911377,11.19642572
-1.812205838,-1.270677338,-0.3436157473,4.378745684
1.800002409,1.119569237,-2.679712161,11.80180577
-1.768069166,-1.285974899,-2.893057468,-1.5578202
-0.1392495047,1.263207625,1.166979501,9.324949557
2.621691764,-2.809704418,0.6176446807,1.827951475
2.627282078,0.4743114649,-0.9239040769,1.433417978
2.225625046,-2.422279317,-0.8161126142,3.846416701
1.476190765,-2.195588853,-0.2306283731,5.647839229
-2.673085779,2.307128077,0.8599052008,4.567995005
-0.03138162383,-2.331076539,-2.358350841,3.511416749
-2.931797351,-2.049014405,2.902577661,8.00129487
0.4206796292,0.7564081759,-1.632862436,3.475976286
0.1354945774,-2.815067188,0.5766676778,1.980578498
2.699531675,2.44713768,1.752583245,0.6413863014
2.934090021,-1.824033741,-0.2842039521,4.416893581
-0.4179009717,-2.101996977,-0.8171327144,4.712041992
1.584627202,-1.880270177,-2.69455657,12.73332136
1.668935872,1.949549297,-1.115827014,7.387537212
-2.101712214,1.688027675,-1.381700415,4.532719301
1.570926362,2.383744615,-1.714458298,3.718525057
1.323999964,0.6861717858,1.489525943,7.314625013
2.001109458,-3.038222648,2.705273917,5.84676158
-1.885012702,1.193100592,0.17654313,3.919202409
2.854477431,2.250016883,-2.646724909,5.363522208
0.1023824219,-0.9148446674,-0.6590178049,5.663109867
2.703277914,0.341167044,-1.14672493,3.336882737
2.41326311,1.789077424,-2.815877164,11.11276899
-0.5397379483,1.128915643,1.608829911,1.68476499
2.583030892,0.3318506327,-1.952202801,1.614868704
0.4071730598,0.1981889415,-1.739928656,0.2224345561
1.819920516,1.166707642,2.352244806,12.21164724
-2.225847327,0.3149098181,-0.5619599909,-1.787293777
1.938824819,-1.239224015,2.228038225,11.61129605
2.446427509,-1.4375959,-0.08232331026,9.048221079
-2.463309536,0.8852714938,1.061630609,1.546801192
-2.053026268,-2.782499392,0.8146255458,-0.3465298973
-0.8487628329,1.483219595,-2.845162593,1.38598642
0.9057924465,2.205278668,1.680830747,2.559729501
-0.1334825695,0.628583105,-2.000577622,1.450097746
-0.8945935733,-2.17915781,-3.140495586,-4.065425276
1.37117574,-1.741487496,-0.8933215549,8.519907427
1.069496587,0.4943820282,-2.598735717,5.963522944
-0.330849932,-0.1606855142,-2.539276753,-2.365591438
-0.8871745228,1.957238952,2.387800056,6.019566424
0.9524973695,-2.230878596,-2.522935777,8.063735333
1.630218641,2.17867045,2.913477825,14.36605974
-1.586166644,-2.189521568,-2.968658111,-4.496075471
2.50360268,-0.1587360939,-2.616100456,3.388343293
3.016089651,2.976576102,-0.7760351105,-1.645697553
-3.133328203,2.287184972,-3.007031881,3.372550205
-0.53011681,-0.4172386374,-1.141205882,0.2187131242
-2.97544707,-2.212637052,-2.323547381,3.859389099
-1.057611874,2.382294192,-0.2940392259,2.443677836
2.52236919,-2.451943328,-1.189300783,3.497749549
-0.7084805171,-0.9212013845,2.469063354,0.8250656565
-1.562789141,-0.6125665351,-0.4863060663,1.815282062
0.9135219177,-1.226322382,-0.1891439349,6.487536335
0.1921742276,-3.127815292,-1.712771507,0.1632844699
0.7353404418,2.627847851,1.532805395,-0.1324193139
1.428860972,0.7997961854,0.02954539751,2.192833847
-0.7133064054,-0.4179904494,-2.294121679,-3.199297457
0.7550692898,1.720887186,1.266802267,8.829464947
-2.360193704,0.2507207114,-1.762498569,-1.646363709
-0.07444299785,-0.0374528623,-2.657394374,-0.6373813662
0.0540529907,1.552156358,1.565568614,9.030496595
-0.8998656619,-0.240472089,1.199685881,1.54094397
-1.558006571,0.3244948051,-1.595822687,-2.527613162
2.305257915,1.047097455,-1.833006272,5.157041873
-0.65617942,-2.092562217,-0.9882432213,3.560109902
1.807662269,0.3154831918,2.581270093,4.025648314
2.248975639,-2.788160805,2.800224463,6.86649266
0.2608471778,0.3588248349,-0.4889587959,-0.1283579435
1.905192246,-2.568893117,0.1529275064,1.520437347
1.173851904,2.116228857,-2.01958541,7.264020347
-2.996539832,0.3264799402,-0.4670563699,1.37720819
1.526400515,-1.705005571,-0.4119352707,6.026095449
-0.288574158,1.423247906,2.87937086,5.46345951
-1.019752896,0.4900160737,-0.4693412188,1.308875309
2.118363899,-0.9663782831,-0.9282465014,6.566248328
-2.234922701,0.3013592054,1.695531828,0.6347595164
-0.4275815563,2.85379576,-0.5084084672,-0.7531754653
-2.532057826,-0.6732328301,-2.148625204,0.9468806506
2.524405188,-1.375650386,-1.425626463,8.244118679
-0.6154475181,1.366822227,-2.255288857,4.699981378
-0.1684373266,-0.7504110917,-1.451458381,2.202190934
-2.929590801,-0.2251098716,2.240445778,-1.548682969
-1.33761664,-3.098596161,-2.309984281,-4.119817267
1.825641146,-0.5802247144,0.7715641012,5.975786728
-2.565081467,-3.002028079,1.193991662,1.766439539
-2.557339123,1.98264367,-2.436947953,3.219365609
-0.2426271062,2.45089319,-2.329787339,2.11406895
-2.724209644,-0.5212105505,-0.6932177683,1.086930162
1.574441914,2.457657481,0.1997346569,4.915217588
-1.984457452,2.770236653,2.07155518,1.517153084
-2.461340098,3.094741681,0.9856775499,-0.4965281588
-1.794240172,1.767046354,-1.880406634,5.409465116
0.7132143995,-0.8556855338,-3.073905208,10.29883665
0.3419864792,2.202518183,-2.308782717,5.54922169
1.559463514,0.620394263,2.89467341,13.12170178
-1.506881351,2.076299035,1.479245922,3.679787877
-0.7198801656,-2.417666654,3.080314168,-3.843539115
-2.35053895,-1.58545013,-2.527556133,2.8348012
-0.1310056176,0.5388383172,-2.778977299,1.539326221
-2.082539383,-1.850572354,0.2057061343,4.217966386
0.5170365748,-0.1386060282,-0.5587849918,-0.2231980482
0.01328494007,-1.471285124,-2.01076368,6.637814381
3.135332391,-1.042753634,2.669998806,3.819577059
0.2341473599,2.041828012,-2.276689235,5.247219095
0.9844273314,0.7774096247,2.352686404,9.189101996
-1.334983277,1.220844801,0.05459514578,4.720092037
0.449949354,1.565913631,2.253968472,9.124994385
1.866632716,3.011751304,-1.422933398,1.021188513
-1.860748332,-1.758619934,-1.976146598,4.62191037
1.866960542,-0.1078033015,1.136701903,-2.826373772
0.9007585381,-2.691465203,-2.276945569,3.643758527
0.08816776589,1.956077341,2.49090525,5.356412816
1.991695303,1.456375193,2.221200121,8.941000994
-1.339654948,-2.633764466,-1.329473934,-0.09224109537
-0.9304614898,-3.112727007,-1.855561229,-0.933938351
3.057487521,-2.954885536,1.124382954,0.2386695391
-2.642626941,-2.797778634,0.5273360695,-0.1515218541
-1.562941247,-2.453491215,1.303650005,-2.731920478
3.038349544,2.887722368,-2.969449601,1.391678314
1.487975799,-1.713312685,0.376553653,4.685237569
-0.5481248485,2.245183676,1.510933744,3.074704762
-0.858302582,-1.774906067,1.392882538,8.837993144
-2.513180942,0.5299463835,1.886759782,-4.875915892
0.7942776065,-2.912412424,1.58171862,2.843993871
1.040287608,2.063737847,-1.599403822,7.873049132
-1.046631344,-2.135936347,1.33764895,6.384215015
0.4356297545,-1.14737562,-0.2907605557,7.474220795
2.008181978,-0.7561603085,-1.978785775,5.751236578
-1.7868919,2.470300198,0.09432142455,-0.03240099031
2.497092435,-0.379649436,-0.8318076459,-0.2463023819
1.409256992,-0.1925624517,-2.912404516,8.59574968
-1.388534304,-0.75660365,-0.4374899653,-0.5656940946
0.7556343514,2.801726144,2.370666944,2.687583125
-1.38032562,1.046939042,1.737192621,2.961073313
0.01043808316,0.8012508603,2.408491502,2.064809647
1.213682985,-0.1993282835,-1.418085997,1.084227727
0.8719084033,-1.035448953,0.9309646648,3.26534733
2.403652012,-1.191463199,1.316325064,9.443506969
-0.8545284441,-2.055561567,-0.7890261725,5.453177418
1.250198646,-2.903495135,-1.883617994,3.2955492
2.123304791,-2.646599851,-0.4788272715,3.561364954
2.630080602,-2.167451815,0.2258096102,1.687205094
-3.008431598,2.733720458,1.107836161,1.08728882
-2.413306902,-1.381979438,1.940106484,5.949934258
2.813588844,-1.624595202,-2.430019899,8.030846388
0.3253605661,-0.7975732434,-0.1791718226,5.96529024
-2.157858954,1.36725487,0.3069237714,6.759416046
0.1088523188,2.675449643,1.68629806,4.208698764
-0.3744551835,-2.678799868,1.717116769,-0.9812402161
-0.219230456,2.707795078,2.761012087,-1.649137905
3.056173062,-2.125084067,-2.386261012,4.837589667
0.6706446752,2.672715763,1.363433947,4.365188894
0.1308504196,0.7996650555,1.071648887,2.121796672
-0.8576500928,-1.762135521,-2.990984554,0.08600688682
1.586380393,1.843166258,0.06876825024,6.54524728
1.754211985,1.926761486,-0.1864657053,4.608802163
2.7353358,2.453902386,1.4858756,5.234394147
-0.968666352,2.897471016,0.07206968386,-1.657810973
-2.021832296,0.3423265322,-2.946693399,-6.990742583
-2.45046787,-2.728704793,-0.8610940509,1.096853222
-2.940184189,2.648140191,-0.4786317381,2.094750764
2.322195925,-2.473057734,-2.728966238,7.713238791
-3.116678439,-2.641046941,-0.4906393351,-0.01376554495
2.094814877,1.702489953,2.363419291,10.7756622
-2.457658193,0.6803013657,1.606349872,2.282457658
-0.08055321326,-2.345218955,-0.08323282162,2.794145659
-2.821478449,-1.53038531,1.252231636,6.586701867
1.624150954,-0.1059904449,2.458388014,1.506781611
-2.588562972,-1.035346674,1.852730644,6.037674938
1.579238903,-1.615435665,-0.8578982899,8.08543498
2.036115878,1.069822803,1.679193485,10.40138984
-2.606373897,-1.448912007,-1.482333338,4.725555309
-0.5999540919,0.975715318,-0.07579405298,5.68243868
0.1610604793,-1.422333108,1.77165613,7.005258102
2.770668015,1.955089592,-1.163629603,9.152238257
-1.196116088,0.05454576967,1.31263034,-1.624112866
1.459951968,-0.9249828359,1.910150156,7.322249195
-1.94433377,2.061465397,-0.4334400263,4.585325838
1.447602792,2.73667922,-0.969653898,2.141908615
2.47985664,-0.5602784918,2.731129335,11.38231443
-0.5641468521,1.43977351,-2.851197023,3.420405563
1.360557075,-2.257739372,-0.3186052119,4.810328888
1.000385862,-0.4864866045,-1.991777154,3.842881883
-1.259233868,-0.1618195214,2.211062262,-2.624347887
0.1697867611,-0.8671632192,-3.079770993,5.571811415
2.395964312,-2.592959971,2.181085832,6.690870216
-1.35364138,-2.055169497,-1.072221791,1.864272503
0.5980612216,-0.8867550368,2.999800967,10.61181842
2.148779271,0.3235806855,2.635111498,3.612617296
-2.091292231,-1.721334363,0.4027876238,7.337316929
0.369804336,0.614478227,-2.469540784,4.061661081
2.226300436,1.84111025,1.674626989,8.26937897
1.847640453,-2.373906553,2.097173904,6.167681901
2.786543808,-2.092671356,2.833083033,7.208384262
1.252514061,-2.916330161,-0.1175724828,2.045896404
-0.536266649,-0.6012690635,1.201255995,4.427421958
1.268961505,0.5250439821,-2.511685613,7.428282247
-1.142447155,-0.7868847603,-1.843106279,1.43896213
-2.894627803,0.4751190967,-0.5338521467,1.324885114
0.5542888498,-2.120003923,-2.971423585,9.903440783
-2.895968884,3.057540254,2.38963783,-0.1644624566
-1.870105502,1.973050724,-1.724312887,1.96168727
-0.7007773523,-0.271873063,1.912692187,-5.199202906
2.800401776,2.172905561,-1.712469345,4.903830901
-0.4636114261,-2.473732836,-1.529346326,1.875745792
-0.2458026581,2.711758319,1.551526843,0.3793115603
1.643856934,0.4920124526,1.461743805,5.029931315
1.384304771,0.3650359501,1.605414483,3.483760063
2.381886586,-1.816584421,0.9471781502,11.35560933
-0.6884354276,-3.125399002,-2.792283061,-5.164097194
-1.787704142,-2.990955116,1.178877956,2.444771045
1.518929689,-1.551881441,0.7022716282,5.352743128
-0.9115707685,-0.1978674277,1.40226164,2.389262318
1.658862491,-1.481057508,-1.643449718,7.886213241
1.807820458,0.6547883535,-2.017629553,5.315139276
1.42628943,-1.46720296,0.9997533678,10.34158415
-1.247051999,0.6275127073,-0.3827249079,1.793063137
1.964860519,1.718185172,2.785079968,14.26619687
1.380108947,0.5402319878,2.309396525,4.528980891
-2.090631315,-2.815112651,1.722189629,-3.647973664
2.622507368,-2.0596987,2.946497708,12.60635378
-0.08562534665,1.230986806,1.869804091,7.326146863
-0.8892167821,1.067993773,0.6827942719,4.119565098
-1.976461528,1.751934954,-1.512108142,5.657631517
1.643347997,-0.4334883449,-0.9861462697,1.076169462
2.168692987,-1.802901445,2.284978695,12.08481775
1.860804671,-0.261380403,-0.05149486451,2.057068787
-2.539318664,2.013476683,1.04768489,5.979767589
-2.860983771,-1.524098706,3.106317396,8.3791696
-2.537379196,1.51838236,2.879527294,-0.2561294237
2.454908116,-1.688561577,0.4236928189,3.535292439
2.78276422,-0.2371793243,-1.355199758,-0.6129154397
1.374945411,-2.489324901,-0.9016344576,3.460020338
0.2721520801,0.444618022,0.3855798867,-0.2709232537
-2.153159745,-2.364848137,3.030392208,-3.477326875
-1.451731378,-0.1107021676,2.411974469,-3.906507707
-0.38082172,-0.391486969,-1.603798815,0.05941574254
1.611963238,1.059442966,0.5771926922,6.015780331
0.2496053657,2.554486124,1.332374481,6.410063478
-0.6884785344,-0.9252026182,-3.134648006,-2.503600504
-1.222859659,2.11940072,1.343483818,6.496741751
0.8698122818,-0.3237533676,-2.412634141,3.347359921
-1.820857969,-0.2000069703,0.1237790524,-4.470890847
-1.261621946,-2.087478031,-1.204209154,5.998945656
0.3958138011,-1.876936212,1.694287159,6.267627335
0.3840842546,-0.5958994145,-2.031746749,4.260359412
1.467907634,-1.152697965,-0.9180805817,6.429502935
-2.827255795,0.7114039876,-1.705388805,3.011110446
-1.699054118,2.536001539,0.6161196894,-0.9257785641
0.07786245199,0.9307884795,0.4408204797,6.788730942
-2.52021393,0.1227065433,-1.422673107,0.2542620414
-2.385142562,-2.276443582,-0.2954512778,5.971957496
-2.090897139,1.37541928,2.415434652,4.921413898
